,team,matchday,date,time,location,opponent,score,score_against,xg_against,xG,PSxG,assists,shots,shots_on_target,yellows,reds,touches,tackles,interceptions,blocks_by_player,non_penalty_expected_goals,expected_assisted_goals,shot_creating_actions,goal_creating_actions,passes_completed,progressive_passes,carries,progressive_carries,progressive_passing_distance,expected_assists,key_passes,passes_into_final_third,passes_into_penalty_area,crosses_into_penalty_area,through_balls,crosses,corner_kicks,passes_offside,tackles_won,dribblers_tackled,dribbler_tackles_attempts,unsuccessful_dribbler_challenge,clearances,error_leading_to_opponent_shot,touches_in_attacking_penalty_area,player_take_ons_tackled,carries_into_penalty_box,failed_controls,dispossession_after_tackle,double_yellows,fouls,offsides,penalty_kicks_won,penalty_kicks_conceded,own_goals,recoveries,aerials_won,aerials_lost
0,Almería,1,2023-08-11,19:30:00,Home,Rayo Vallecano,0,2,2.1,1.3499999999999999,0.035555555555555556,0.0,19.0,5.0,1.0,0.0,650.0,17.0,4.0,9.0,1.2,1.2,35.0,0.0,448.0,39.0,391.0,18.0,2737.0,0.8,16.0,29.0,10.0,2.0,1.0,26.0,8.0,1.0,12.0,8.0,12.0,4.0,14.0,0.0,24.0,16.0,4.0,18.0,3.0,0.0,16.0,1.0,0.0,2.0,0.0,47.0,11.0,18.0
1,Rayo Vallecano,1,2023-08-11,19:30:00,Away,Almería,2,0,1.4,2.08,0.20400000000000001,0.0,8.0,2.0,3.0,0.0,458.0,19.0,10.0,6.0,0.5,0.2,17.0,3.0,268.0,18.0,289.0,10.0,1875.0,0.5,5.0,26.0,5.0,1.0,0.0,8.0,3.0,1.0,10.0,16.0,28.0,12.0,29.0,0.0,15.0,8.0,2.0,10.0,9.0,0.0,25.0,1.0,1.0,0.0,0.0,41.0,18.0,11.0
0,Sevilla,1,2023-08-11,22:00:00,Home,Valencia,1,2,1.1,0.71,0.0975,1.0,9.0,3.0,3.0,1.0,585.0,23.0,9.0,12.0,0.7,0.6,17.0,2.0,339.0,23.0,320.0,15.0,2502.0,0.4,8.0,24.0,7.0,5.0,0.0,34.0,8.0,3.0,12.0,7.0,19.0,12.0,7.0,0.0,16.0,13.0,4.0,18.0,11.0,0.0,15.0,3.0,0.0,0.0,0.0,58.0,17.0,19.0
1,Valencia,1,2023-08-11,22:00:00,Away,Sevilla,2,1,0.7,1.1199999999999999,0.11199999999999999,2.0,10.0,3.0,2.0,0.0,516.0,24.0,10.0,12.0,1.1,1.1,19.0,4.0,275.0,26.0,232.0,13.0,1942.0,0.8,8.0,21.0,7.0,3.0,3.0,11.0,1.0,0.0,13.0,13.0,20.0,7.0,36.0,1.0,15.0,7.0,5.0,11.0,16.0,0.0,17.0,0.0,0.0,0.0,0.0,59.0,19.0,17.0
0,Real Sociedad,1,2023-08-12,17:00:00,Home,Girona,1,1,0.8,0.81,0.06333333333333334,1.0,6.0,1.0,5.0,0.0,548.0,15.0,4.0,10.0,0.8,0.9,12.0,2.0,369.0,20.0,315.0,9.0,2076.0,1.3,6.0,22.0,5.0,1.0,1.0,14.0,1.0,3.0,7.0,7.0,16.0,9.0,14.0,0.0,16.0,7.0,3.0,19.0,10.0,0.0,9.0,3.0,0.0,0.0,0.0,45.0,18.0,19.0
1,Girona,1,2023-08-12,17:00:00,Away,Real Sociedad,1,1,1.0,0.9,0.04928571428571428,1.0,15.0,2.0,2.0,0.0,512.0,17.0,7.0,7.0,1.0,0.8,23.0,1.0,331.0,34.0,324.0,13.0,2226.0,0.6,11.0,22.0,9.0,2.0,1.0,10.0,4.0,0.0,15.0,7.0,13.0,6.0,12.0,0.0,18.0,7.0,3.0,20.0,8.0,0.0,22.0,0.0,0.0,0.0,0.0,43.0,19.0,18.0
0,Las Palmas,1,2023-08-12,18:30:00,Home,Mallorca,1,1,1.6,0.93,0.22199999999999998,0.0,4.0,1.0,3.0,0.0,738.0,14.0,9.0,5.0,0.1,0.0,10.0,2.0,542.0,37.0,472.0,13.0,2687.0,0.0,3.0,33.0,5.0,0.0,1.0,5.0,3.0,1.0,5.0,4.0,8.0,4.0,19.0,0.0,9.0,12.0,3.0,12.0,13.0,0.0,11.0,1.0,1.0,1.0,0.0,37.0,14.0,15.0
1,Mallorca,1,2023-08-12,18:30:00,Away,Las Palmas,1,1,0.9,1.48,0.025,1.0,10.0,2.0,2.0,0.0,393.0,25.0,15.0,6.0,1.0,0.8,21.0,1.0,202.0,20.0,194.0,8.0,1803.0,0.7000000000000001,8.0,15.0,4.0,1.0,3.0,17.0,6.0,6.0,16.0,12.0,21.0,9.0,7.0,0.0,17.0,4.0,3.0,12.0,10.0,0.0,22.0,6.0,1.0,1.0,0.0,49.0,15.0,14.0
0,Athletic Club,1,2023-08-12,21:30:00,Home,Real Madrid,0,2,0.9,0.3,0.006666666666666667,0.0,7.0,1.0,3.0,0.0,658.0,16.0,7.0,9.0,0.5,0.2,10.0,0.0,453.0,41.0,425.0,13.0,2692.0,0.4,4.0,41.0,5.0,1.0,0.0,30.0,7.0,2.0,9.0,10.0,18.0,8.0,13.0,0.0,10.0,12.0,4.0,19.0,13.0,0.0,18.0,2.0,0.0,0.0,0.0,67.0,5.0,9.0
1,Real Madrid,1,2023-08-12,21:30:00,Away,Athletic Club,2,0,0.4,1.02,0.10428571428571429,2.0,14.0,8.0,1.0,0.0,770.0,25.0,10.0,11.0,0.9,0.8,26.0,4.0,556.0,49.0,528.0,21.0,3152.0,0.8,9.0,37.0,11.0,1.0,5.0,9.0,5.0,2.0,16.0,12.0,16.0,4.0,24.0,1.0,24.0,10.0,4.0,19.0,6.0,0.0,6.0,2.0,0.0,0.0,0.0,61.0,9.0,5.0
0,Celta Vigo,1,2023-08-13,17:00:00,Home,Osasuna,0,2,1.0,0.91,0.0,0.0,11.0,0.0,1.0,0.0,622.0,8.0,11.0,14.0,1.0,0.8,22.0,0.0,414.0,45.0,383.0,20.0,2853.0,1.0,10.0,28.0,8.0,1.0,2.0,22.0,7.0,6.0,5.0,1.0,6.0,5.0,12.0,0.0,23.0,6.0,4.0,15.0,12.0,0.0,11.0,6.0,0.0,0.0,0.0,63.0,15.0,15.0
1,Osasuna,1,2023-08-13,17:00:00,Away,Celta Vigo,2,0,1.0,0.98,0.13636363636363635,0.0,11.0,5.0,1.0,0.0,568.0,18.0,14.0,11.0,1.0,0.6,17.0,2.0,344.0,32.0,312.0,13.0,3173.0,0.30000000000000004,7.0,38.0,3.0,3.0,0.0,15.0,2.0,1.0,14.0,6.0,17.0,11.0,20.0,0.0,8.0,1.0,1.0,17.0,7.0,0.0,15.0,1.0,0.0,0.0,0.0,65.0,15.0,15.0
0,Villarreal,1,2023-08-13,19:30:00,Home,Real Betis,1,2,1.1,1.08,0.08750000000000001,2.0,12.0,5.0,3.0,0.0,485.0,25.0,16.0,20.0,1.1,0.8999999999999999,20.0,4.0,273.0,30.0,254.0,14.0,2143.0,1.2,10.0,18.0,9.0,3.0,1.0,14.0,4.0,1.0,17.0,15.0,22.0,7.0,19.0,0.0,22.0,11.0,4.0,15.0,12.0,0.0,17.0,1.0,0.0,0.0,0.0,64.0,6.0,22.0
1,Real Betis,1,2023-08-13,19:30:00,Away,Villarreal,2,1,0.9,0.9,0.021176470588235293,1.0,18.0,5.0,1.0,0.0,721.0,23.0,12.0,10.0,1.0,0.6000000000000001,33.0,2.0,511.0,50.0,409.0,23.0,3222.0,1.2000000000000002,13.0,42.0,8.0,1.0,1.0,19.0,9.0,2.0,17.0,11.0,19.0,8.0,8.0,0.0,34.0,15.0,6.0,14.0,10.0,0.0,13.0,2.0,0.0,0.0,0.0,55.0,22.0,6.0
0,Getafe,1,2023-08-13,21:30:00,Home,Barcelona,0,0,1.4,1.48,0.02642857142857143,0.0,14.0,3.0,2.0,1.0,856.0,9.0,3.0,5.0,1.5,1.3,28.0,0.0,680.0,50.0,582.0,34.0,3225.0,1.3,11.0,56.0,9.0,1.0,5.0,17.0,4.0,2.0,6.0,4.0,5.0,1.0,18.0,0.0,22.0,7.0,5.0,15.0,4.0,0.0,11.0,2.0,0.0,0.0,0.0,48.0,23.0,15.0
1,Barcelona,1,2023-08-13,21:30:00,Away,Getafe,0,0,0.6,0.52,0.055,0.0,5.0,2.0,8.0,1.0,373.0,11.0,15.0,6.0,0.6,0.6,9.0,0.0,186.0,21.0,152.0,4.0,1893.0,1.1,4.0,17.0,7.0,2.0,1.0,17.0,3.0,4.0,6.0,7.0,19.0,12.0,27.0,0.0,13.0,4.0,0.0,15.0,5.0,1.0,20.0,4.0,0.0,0.0,0.0,37.0,15.0,23.0
0,Cádiz,1,2023-08-14,19:30:00,Home,Alavés,1,0,0.3,0.23,0.0044444444444444444,0.0,10.0,2.0,2.0,0.0,495.0,9.0,11.0,6.0,0.1,0.1,17.0,0.0,302.0,36.0,253.0,16.0,2247.0,0.30000000000000004,8.0,29.0,6.0,2.0,0.0,24.0,4.0,2.0,6.0,2.0,9.0,7.0,14.0,0.0,14.0,3.0,1.0,14.0,10.0,0.0,15.0,2.0,0.0,0.0,0.0,54.0,26.0,19.0
1,Alavés,1,2023-08-14,19:30:00,Away,Cádiz,0,1,0.7,0.66,0.03666666666666667,1.0,12.0,3.0,3.0,1.0,430.0,13.0,5.0,9.0,0.6,0.4,21.0,2.0,226.0,13.0,205.0,11.0,1890.0,0.5,9.0,14.0,0.0,0.0,1.0,12.0,2.0,2.0,9.0,3.0,10.0,7.0,26.0,0.0,11.0,2.0,3.0,13.0,7.0,0.0,19.0,2.0,0.0,0.0,0.0,51.0,19.0,26.0
0,Atlético Madrid,1,2023-08-14,21:30:00,Home,Granada,3,1,0.9,2.33,0.1346153846153846,1.0,14.0,6.0,3.0,0.0,590.0,15.0,16.0,11.0,2.3,1.7,25.0,6.0,386.0,46.0,338.0,23.0,2453.0,1.9,11.0,25.0,15.0,3.0,2.0,18.0,3.0,3.0,8.0,3.0,6.0,3.0,15.0,1.0,36.0,8.0,8.0,13.0,12.0,0.0,15.0,3.0,0.0,0.0,0.0,67.0,15.0,9.0
1,Granada,1,2023-08-14,21:30:00,Away,Atlético Madrid,1,3,2.4,0.95,0.15142857142857144,1.0,7.0,4.0,1.0,0.0,657.0,20.0,4.0,12.0,0.8999999999999999,0.7,10.0,2.0,458.0,25.0,396.0,12.0,2786.0,0.6000000000000001,5.0,22.0,3.0,1.0,0.0,12.0,3.0,0.0,9.0,8.0,19.0,11.0,15.0,1.0,11.0,3.0,1.0,15.0,12.0,0.0,9.0,0.0,0.0,0.0,0.0,54.0,9.0,15.0
0,Mallorca,2,2023-08-18,19:30:00,Home,Villarreal,0,1,1.8,0.39,0.00625,0.0,8.0,1.0,2.0,0.0,469.0,27.0,6.0,7.0,0.30000000000000004,0.30000000000000004,14.0,0.0,288.0,27.0,282.0,30.0,2168.0,0.4,5.0,30.0,5.0,2.0,0.0,28.0,6.0,6.0,17.0,10.0,18.0,8.0,17.0,1.0,16.0,7.0,2.0,13.0,8.0,0.0,12.0,6.0,0.0,0.0,0.0,44.0,15.0,11.0
1,Villarreal,2,2023-08-18,19:30:00,Away,Mallorca,1,0,0.4,1.9300000000000002,0.09428571428571428,0.0,15.0,3.0,4.0,0.0,662.0,15.0,3.0,8.0,2.0,1.0,26.0,1.0,486.0,46.0,427.0,17.0,2697.0,1.2000000000000002,11.0,35.0,12.0,4.0,2.0,15.0,5.0,1.0,11.0,7.0,11.0,4.0,26.0,0.0,24.0,10.0,5.0,14.0,17.0,0.0,11.0,1.0,0.0,0.0,0.0,48.0,11.0,15.0
0,Valencia,2,2023-08-18,21:30:00,Home,Las Palmas,1,0,0.5,0.51,0.0,0.0,7.0,1.0,0.0,0.0,739.0,19.0,7.0,7.0,0.4,0.39999999999999997,12.0,0.0,549.0,35.0,493.0,9.0,2847.0,0.2,5.0,30.0,5.0,1.0,1.0,9.0,4.0,1.0,13.0,7.0,18.0,11.0,15.0,0.0,8.0,9.0,2.0,14.0,7.0,0.0,6.0,1.0,0.0,1.0,0.0,45.0,11.0,10.0
1,Las Palmas,2,2023-08-18,21:30:00,Away,Valencia,0,1,1.5,1.53,0.19777777777777777,0.0,8.0,3.0,0.0,0.0,502.0,16.0,9.0,9.0,0.7000000000000001,0.7000000000000001,16.0,1.0,317.0,27.0,284.0,16.0,1921.0,0.4,7.0,24.0,5.0,1.0,2.0,20.0,6.0,2.0,9.0,9.0,24.0,15.0,9.0,0.0,13.0,7.0,3.0,12.0,12.0,0.0,12.0,2.0,0.0,0.0,0.0,52.0,10.0,11.0
0,Real Sociedad,2,2023-08-19,17:00:00,Home,Celta Vigo,1,1,1.0,0.77,0.043125000000000004,0.0,17.0,6.0,1.0,0.0,539.0,13.0,10.0,10.0,0.9,0.5,33.0,1.0,300.0,21.0,256.0,13.0,1920.0,0.8,13.0,22.0,6.0,4.0,1.0,19.0,7.0,3.0,9.0,6.0,14.0,8.0,27.0,0.0,21.0,3.0,3.0,16.0,9.0,0.0,12.0,3.0,0.0,0.0,0.0,59.0,14.0,20.0
1,Celta Vigo,2,2023-08-19,17:00:00,Away,Real Sociedad,1,1,0.7,0.7000000000000001,0.056363636363636366,1.0,11.0,2.0,2.0,0.0,574.0,12.0,6.0,13.0,0.8,0.5,20.0,2.0,341.0,32.0,303.0,18.0,1990.0,0.30000000000000004,8.0,27.0,5.0,2.0,1.0,18.0,9.0,0.0,10.0,3.0,13.0,10.0,19.0,0.0,12.0,6.0,3.0,18.0,7.0,0.0,12.0,0.0,0.0,0.0,0.0,57.0,20.0,14.0
0,Almería,2,2023-08-19,19:30:00,Home,Real Madrid,1,3,2.0,1.33,0.10400000000000001,1.0,20.0,8.0,1.0,0.0,587.0,17.0,11.0,12.0,1.4000000000000001,1.2000000000000002,34.0,2.0,394.0,34.0,396.0,24.0,2686.0,1.1,17.0,26.0,11.0,8.0,1.0,26.0,4.0,1.0,8.0,11.0,23.0,12.0,20.0,1.0,23.0,8.0,3.0,7.0,6.0,0.0,10.0,1.0,0.0,0.0,0.0,37.0,10.0,8.0
1,Real Madrid,2,2023-08-19,19:30:00,Away,Almería,3,1,1.3,1.88,0.12458333333333332,2.0,25.0,9.0,0.0,0.0,736.0,14.0,10.0,7.0,2.0,1.9,46.0,5.0,548.0,55.0,477.0,32.0,2774.0,1.5,22.0,50.0,15.0,4.0,1.0,26.0,5.0,4.0,8.0,8.0,17.0,9.0,19.0,0.0,43.0,11.0,13.0,9.0,6.0,0.0,13.0,4.0,0.0,0.0,0.0,37.0,8.0,10.0
0,Osasuna,2,2023-08-19,21:30:00,Home,Athletic Club,0,2,1.5,1.55,0.19624999999999998,2.0,8.0,2.0,5.0,1.0,495.0,22.0,11.0,10.0,1.6,1.5,15.0,4.0,249.0,23.0,241.0,14.0,1772.0,1.2000000000000002,7.0,19.0,7.0,2.0,0.0,13.0,3.0,0.0,11.0,14.0,20.0,6.0,40.0,0.0,12.0,4.0,4.0,13.0,9.0,1.0,14.0,0.0,0.0,0.0,0.0,45.0,19.0,20.0
1,Athletic Club,2,2023-08-19,21:30:00,Away,Osasuna,2,0,1.3,1.3,0.10176470588235294,0.0,18.0,7.0,1.0,1.0,717.0,13.0,15.0,9.0,1.4000000000000001,1.0,36.0,0.0,474.0,60.0,389.0,24.0,3264.0,1.5,12.0,56.0,12.0,5.0,1.0,39.0,5.0,2.0,7.0,4.0,11.0,7.0,10.0,0.0,33.0,14.0,5.0,14.0,8.0,0.0,9.0,2.0,0.0,0.0,0.0,50.0,20.0,19.0
0,Girona,2,2023-08-20,19:00:00,Home,Getafe,3,0,0.7,0.7,0.03222222222222222,0.0,9.0,2.0,5.0,0.0,411.0,21.0,4.0,4.0,0.7000000000000001,0.6,17.0,0.0,209.0,23.0,196.0,11.0,1874.0,0.4,6.0,29.0,8.0,3.0,1.0,21.0,2.0,2.0,11.0,9.0,11.0,2.0,10.0,1.0,16.0,11.0,2.0,13.0,5.0,0.0,20.0,2.0,0.0,0.0,0.0,54.0,14.0,15.0
1,Getafe,2,2023-08-20,19:00:00,Away,Girona,0,3,1.4,1.19,0.295,2.0,7.0,6.0,2.0,0.0,679.0,16.0,4.0,9.0,1.3,0.9,13.0,6.0,472.0,34.0,348.0,13.0,3119.0,1.1,4.0,27.0,7.0,0.0,1.0,11.0,3.0,3.0,11.0,11.0,15.0,4.0,26.0,0.0,15.0,9.0,4.0,20.0,12.0,0.0,11.0,3.0,0.0,0.0,0.0,54.0,15.0,14.0
0,Barcelona,2,2023-08-20,19:30:00,Home,Cádiz,2,0,1.1,3.03,0.10260869565217391,2.0,24.0,10.0,4.0,0.0,748.0,11.0,5.0,5.0,3.5,2.5,42.0,4.0,585.0,58.0,522.0,40.0,2796.0,2.1,17.0,49.0,15.0,6.0,5.0,29.0,10.0,1.0,9.0,4.0,8.0,4.0,9.0,1.0,40.0,3.0,11.0,16.0,8.0,0.0,9.0,1.0,0.0,0.0,0.0,45.0,12.0,15.0
1,Cádiz,2,2023-08-20,19:30:00,Away,Barcelona,0,2,3.4,1.16,0.028000000000000004,0.0,10.0,1.0,3.0,0.0,316.0,11.0,8.0,12.0,1.2,0.5,16.0,0.0,151.0,14.0,124.0,8.0,1612.0,0.5,8.0,12.0,5.0,5.0,0.0,15.0,2.0,1.0,6.0,3.0,15.0,12.0,20.0,0.0,16.0,4.0,3.0,6.0,7.0,0.0,22.0,1.0,0.0,0.0,0.0,27.0,15.0,12.0
0,Real Betis,2,2023-08-20,21:30:00,Home,Atlético Madrid,0,0,0.5,0.31,0.0275,0.0,5.0,1.0,1.0,0.0,628.0,21.0,8.0,14.0,0.4,0.4,10.0,0.0,438.0,43.0,414.0,14.0,2550.0,0.8,4.0,34.0,10.0,1.0,0.0,17.0,7.0,2.0,9.0,9.0,18.0,9.0,14.0,0.0,23.0,5.0,4.0,15.0,7.0,0.0,8.0,2.0,0.0,0.0,0.0,48.0,12.0,7.0
1,Atlético Madrid,2,2023-08-20,21:30:00,Away,Real Betis,0,0,0.7,0.77,0.0,0.0,14.0,0.0,2.0,0.0,695.0,12.0,9.0,9.0,0.7,0.6000000000000001,27.0,0.0,511.0,32.0,440.0,20.0,2834.0,0.6,12.0,31.0,10.0,2.0,0.0,17.0,2.0,3.0,8.0,5.0,10.0,5.0,18.0,0.0,20.0,9.0,5.0,14.0,12.0,0.0,10.0,3.0,0.0,0.0,0.0,50.0,7.0,12.0
0,Alavés,2,2023-08-21,19:00:00,Home,Sevilla,4,3,0.6,1.85,0.18642857142857142,4.0,14.0,7.0,1.0,0.0,426.0,17.0,2.0,10.0,1.8,1.6,26.0,8.0,194.0,31.0,142.0,9.0,1873.0,0.9,12.0,17.0,9.0,5.0,1.0,20.0,4.0,0.0,9.0,6.0,19.0,13.0,27.0,0.0,18.0,7.0,3.0,15.0,7.0,0.0,14.0,0.0,0.0,0.0,1.0,48.0,16.0,18.0
1,Sevilla,2,2023-08-21,19:00:00,Away,Alavés,3,4,1.8,0.6,0.04,1.0,12.0,2.0,2.0,0.0,719.0,14.0,8.0,2.0,0.6000000000000001,0.30000000000000004,22.0,4.0,500.0,48.0,439.0,17.0,2708.0,0.9,7.0,37.0,6.0,1.0,1.0,28.0,4.0,1.0,9.0,7.0,11.0,4.0,15.0,0.0,17.0,6.0,2.0,23.0,11.0,0.0,13.0,1.0,0.0,0.0,0.0,46.0,18.0,16.0
0,Granada,2,2023-08-21,21:30:00,Home,Rayo Vallecano,0,2,2.1,1.21,0.03928571428571429,0.0,14.0,7.0,2.0,1.0,523.0,18.0,5.0,5.0,1.2,0.8,25.0,0.0,308.0,29.0,332.0,24.0,2242.0,1.0,11.0,19.0,10.0,2.0,1.0,22.0,5.0,1.0,11.0,5.0,16.0,11.0,18.0,0.0,20.0,10.0,4.0,14.0,8.0,0.0,14.0,1.0,0.0,0.0,0.0,56.0,13.0,15.0
1,Rayo Vallecano,2,2023-08-21,21:30:00,Away,Granada,2,0,1.2,2.06,0.2225,2.0,17.0,9.0,1.0,0.0,552.0,18.0,5.0,8.0,2.1,1.6,30.0,3.0,334.0,31.0,312.0,15.0,2968.0,0.9,13.0,24.0,9.0,4.0,2.0,18.0,6.0,7.0,10.0,10.0,22.0,12.0,17.0,0.0,18.0,5.0,4.0,17.0,13.0,0.0,11.0,7.0,0.0,0.0,0.0,54.0,15.0,13.0
0,Las Palmas,3,2023-08-25,18:30:00,Home,Real Sociedad,0,0,1.0,0.92,0.06818181818181818,0.0,11.0,5.0,1.0,0.0,604.0,17.0,12.0,11.0,0.9,0.8,19.0,0.0,396.0,38.0,349.0,17.0,2456.0,0.9,10.0,23.0,6.0,0.0,3.0,12.0,5.0,3.0,9.0,10.0,23.0,13.0,12.0,1.0,18.0,7.0,4.0,20.0,5.0,0.0,7.0,3.0,0.0,0.0,0.0,58.0,20.0,19.0
1,Real Sociedad,3,2023-08-25,18:30:00,Away,Las Palmas,0,0,0.9,0.91,0.017142857142857144,0.0,8.0,1.0,4.0,0.0,563.0,12.0,6.0,9.0,0.9,0.9,12.0,0.0,359.0,32.0,331.0,14.0,2589.0,0.8,7.0,27.0,4.0,1.0,3.0,19.0,7.0,4.0,7.0,7.0,11.0,4.0,16.0,0.0,17.0,10.0,5.0,13.0,7.0,0.0,29.0,4.0,0.0,0.0,0.0,59.0,19.0,20.0
0,Celta Vigo,3,2023-08-25,21:30:00,Home,Real Madrid,0,1,1.4,1.26,0.023846153846153847,0.0,13.0,4.0,2.0,0.0,490.0,15.0,7.0,6.0,1.2000000000000002,1.0,25.0,0.0,302.0,33.0,305.0,11.0,2071.0,1.0,10.0,25.0,6.0,3.0,1.0,22.0,3.0,0.0,8.0,6.0,21.0,15.0,21.0,0.0,22.0,6.0,5.0,15.0,2.0,0.0,19.0,0.0,0.0,1.0,0.0,47.0,11.0,8.0
1,Real Madrid,3,2023-08-25,21:30:00,Away,Celta Vigo,1,0,1.2,1.17,0.11333333333333334,1.0,9.0,2.0,3.0,0.0,775.0,8.0,8.0,11.0,0.5,0.5,17.0,2.0,589.0,42.0,590.0,28.0,2775.0,1.2,7.0,51.0,4.0,1.0,1.0,17.0,5.0,3.0,6.0,6.0,10.0,4.0,12.0,0.0,24.0,6.0,8.0,20.0,9.0,0.0,14.0,3.0,1.0,0.0,0.0,51.0,8.0,11.0
0,Cádiz,3,2023-08-26,19:00:00,Home,Almería,1,1,0.3,0.21,0.1075,0.0,5.0,2.0,5.0,1.0,470.0,12.0,14.0,10.0,0.2,0.1,9.0,2.0,274.0,24.0,282.0,18.0,2033.0,0.2,3.0,18.0,0.0,0.0,1.0,13.0,3.0,1.0,8.0,3.0,9.0,6.0,18.0,0.0,6.0,9.0,4.0,17.0,2.0,1.0,22.0,1.0,0.0,0.0,0.0,42.0,16.0,19.0
1,Almería,3,2023-08-26,19:00:00,Away,Cádiz,1,1,1.6,1.5599999999999998,0.10363636363636365,1.0,11.0,3.0,0.0,1.0,484.0,11.0,3.0,6.0,1.6,1.5,21.0,2.0,292.0,37.0,239.0,19.0,2052.0,2.1,9.0,29.0,12.0,6.0,4.0,30.0,7.0,0.0,8.0,9.0,19.0,10.0,17.0,0.0,23.0,3.0,1.0,7.0,9.0,0.0,16.0,0.0,0.0,0.0,0.0,55.0,19.0,16.0
0,Granada,3,2023-08-26,19:30:00,Home,Mallorca,3,2,2.6,1.4000000000000001,0.20555555555555557,2.0,9.0,3.0,2.0,0.0,484.0,7.0,6.0,2.0,0.6000000000000001,0.5,16.0,4.0,306.0,25.0,269.0,12.0,2325.0,0.4,7.0,23.0,8.0,2.0,1.0,16.0,5.0,1.0,5.0,4.0,7.0,3.0,15.0,2.0,14.0,6.0,3.0,19.0,3.0,0.0,11.0,1.0,0.0,1.0,0.0,44.0,14.0,19.0
1,Mallorca,3,2023-08-26,19:30:00,Away,Granada,2,3,1.4,2.63,0.18,1.0,9.0,5.0,7.0,0.0,440.0,9.0,4.0,9.0,1.8,1.3,15.0,3.0,265.0,34.0,202.0,18.0,1840.0,0.7000000000000001,7.0,23.0,7.0,4.0,4.0,17.0,3.0,1.0,6.0,6.0,13.0,7.0,14.0,0.0,21.0,4.0,2.0,9.0,3.0,0.0,27.0,1.0,1.0,1.0,0.0,42.0,19.0,14.0
0,Sevilla,3,2023-08-26,21:30:00,Home,Girona,1,2,1.7,1.86,0.0975,1.0,8.0,3.0,1.0,0.0,576.0,11.0,8.0,13.0,1.9,1.3,13.0,4.0,347.0,13.0,290.0,18.0,2151.0,0.2,6.0,10.0,1.0,0.0,2.0,12.0,6.0,1.0,8.0,5.0,11.0,6.0,47.0,0.0,12.0,10.0,6.0,17.0,8.0,0.0,18.0,1.0,0.0,0.0,0.0,55.0,15.0,16.0
1,Girona,3,2023-08-26,21:30:00,Away,Sevilla,2,1,1.7,1.49,0.04,0.0,21.0,4.0,1.0,0.0,568.0,18.0,9.0,6.0,1.7,1.3,39.0,2.0,352.0,46.0,350.0,22.0,2319.0,1.5,14.0,40.0,9.0,5.0,0.0,50.0,6.0,4.0,17.0,10.0,20.0,10.0,9.0,0.0,26.0,5.0,3.0,10.0,6.0,0.0,11.0,4.0,0.0,0.0,0.0,73.0,16.0,15.0
0,Villarreal,3,2023-08-27,17:30:00,Home,Barcelona,3,4,3.1,3.08,0.16523809523809524,1.0,21.0,11.0,3.0,0.0,730.0,15.0,11.0,14.0,3.3000000000000003,1.7,35.0,6.0,557.0,58.0,478.0,25.0,2952.0,1.4000000000000001,14.0,45.0,18.0,1.0,2.0,18.0,6.0,3.0,10.0,9.0,22.0,13.0,7.0,0.0,37.0,3.0,8.0,11.0,13.0,0.0,14.0,3.0,0.0,0.0,0.0,50.0,10.0,13.0
1,Barcelona,3,2023-08-27,17:30:00,Away,Villarreal,4,3,1.9,1.83,0.23666666666666666,3.0,13.0,6.0,3.0,0.0,527.0,16.0,5.0,13.0,1.8,1.7000000000000002,26.0,6.0,344.0,33.0,250.0,10.0,2526.0,0.9,11.0,22.0,14.0,1.0,2.0,8.0,2.0,5.0,7.0,3.0,14.0,11.0,22.0,0.0,18.0,9.0,1.0,11.0,6.0,0.0,12.0,5.0,0.0,0.0,0.0,41.0,13.0,10.0
0,Valencia,3,2023-08-27,19:30:00,Home,Osasuna,1,2,1.2,1.07,0.165,1.0,6.0,1.0,4.0,0.0,437.0,14.0,7.0,9.0,0.5,0.5,12.0,4.0,213.0,18.0,215.0,7.0,1828.0,0.6000000000000001,5.0,13.0,3.0,2.0,0.0,9.0,3.0,1.0,11.0,11.0,23.0,12.0,39.0,0.0,11.0,5.0,2.0,17.0,9.0,0.0,12.0,1.0,1.0,0.0,0.0,53.0,17.0,16.0
1,Osasuna,3,2023-08-27,19:30:00,Away,Valencia,2,1,1.7,1.69,0.065,0.0,16.0,4.0,3.0,0.0,684.0,14.0,11.0,12.0,1.5,1.0,27.0,0.0,459.0,50.0,421.0,35.0,2475.0,1.1,13.0,41.0,11.0,3.0,0.0,32.0,6.0,3.0,11.0,5.0,9.0,4.0,13.0,0.0,24.0,11.0,6.0,19.0,3.0,0.0,13.0,3.0,0.0,1.0,0.0,68.0,16.0,17.0
0,Athletic Club,3,2023-08-27,21:30:00,Home,Real Betis,4,2,0.4,2.87,0.2192857142857143,1.0,12.0,4.0,4.0,0.0,582.0,12.0,12.0,11.0,1.2,0.6,25.0,7.0,349.0,37.0,327.0,19.0,2853.0,1.0,6.0,33.0,8.0,6.0,2.0,22.0,5.0,2.0,6.0,8.0,16.0,8.0,16.0,0.0,21.0,11.0,3.0,17.0,8.0,0.0,23.0,2.0,2.0,0.0,0.0,49.0,14.0,12.0
1,Real Betis,3,2023-08-27,21:30:00,Away,Athletic Club,2,4,2.9,0.38,0.13125,1.0,9.0,4.0,2.0,0.0,635.0,19.0,8.0,14.0,0.4,0.30000000000000004,18.0,4.0,389.0,35.0,364.0,7.0,2594.0,0.5,7.0,25.0,4.0,0.0,3.0,11.0,3.0,2.0,11.0,11.0,19.0,8.0,31.0,0.0,13.0,8.0,4.0,14.0,4.0,0.0,11.0,2.0,0.0,2.0,0.0,48.0,12.0,14.0
0,Getafe,3,2023-08-28,19:30:00,Home,Alavés,1,0,0.7,0.69,0.03266666666666666,0.0,16.0,1.0,2.0,0.0,510.0,16.0,8.0,5.0,0.7000000000000001,0.4,29.0,0.0,270.0,31.0,224.0,11.0,2264.0,0.5,11.0,23.0,7.0,3.0,0.0,24.0,5.0,3.0,13.0,10.0,14.0,4.0,18.0,1.0,17.0,4.0,4.0,14.0,3.0,0.0,15.0,3.0,0.0,1.0,0.0,53.0,24.0,28.0
1,Alavés,3,2023-08-28,19:30:00,Away,Getafe,0,1,2.2,2.27,0.07933333333333333,0.0,14.0,3.0,1.0,0.0,454.0,7.0,11.0,10.0,1.5,0.8,24.0,2.0,226.0,25.0,215.0,8.0,2414.0,0.8,11.0,25.0,6.0,2.0,0.0,12.0,4.0,0.0,5.0,4.0,8.0,4.0,24.0,0.0,16.0,10.0,0.0,18.0,6.0,0.0,13.0,0.0,1.0,0.0,0.0,55.0,28.0,24.0
0,Rayo Vallecano,3,2023-08-28,21:30:00,Home,Atlético Madrid,0,7,3.4,3.25,0.2875,4.0,17.0,10.0,3.0,0.0,551.0,20.0,9.0,14.0,3.6,3.0,30.0,12.0,307.0,24.0,257.0,11.0,2641.0,0.8,12.0,13.0,7.0,1.0,4.0,7.0,3.0,1.0,9.0,10.0,21.0,11.0,29.0,0.0,18.0,3.0,3.0,17.0,12.0,0.0,17.0,1.0,0.0,0.0,0.0,75.0,12.0,8.0
1,Atlético Madrid,3,2023-08-28,21:30:00,Away,Rayo Vallecano,7,0,0.6,0.56,0.024166666666666666,0.0,12.0,3.0,4.0,0.0,643.0,15.0,3.0,10.0,0.5,0.6000000000000001,21.0,0.0,405.0,51.0,384.0,17.0,3009.0,0.4,11.0,37.0,14.0,2.0,0.0,28.0,8.0,3.0,7.0,3.0,17.0,14.0,4.0,1.0,36.0,10.0,5.0,25.0,10.0,0.0,19.0,3.0,0.0,0.0,0.0,70.0,8.0,12.0
0,Cádiz,4,2023-09-01,19:30:00,Home,Villarreal,3,1,0.3,2.09,0.13,1.0,17.0,3.0,5.0,0.0,447.0,18.0,7.0,11.0,1.3,0.2,27.0,5.0,251.0,30.0,212.0,10.0,1929.0,0.30000000000000004,10.0,26.0,6.0,3.0,0.0,29.0,7.0,2.0,12.0,11.0,23.0,12.0,12.0,1.0,20.0,2.0,2.0,20.0,6.0,0.0,21.0,2.0,1.0,0.0,0.0,47.0,7.0,16.0
1,Villarreal,4,2023-09-01,19:30:00,Away,Cádiz,1,3,2.1,0.32,0.06285714285714286,0.0,7.0,3.0,4.0,1.0,573.0,8.0,3.0,17.0,0.30000000000000004,0.0,12.0,1.0,385.0,40.0,335.0,10.0,2582.0,0.4,4.0,36.0,3.0,0.0,1.0,9.0,3.0,2.0,6.0,2.0,5.0,3.0,31.0,0.0,13.0,11.0,2.0,18.0,7.0,0.0,15.0,2.0,0.0,1.0,0.0,34.0,16.0,7.0
0,Almería,4,2023-09-01,22:00:00,Home,Celta Vigo,2,3,1.5,2.94,0.15533333333333335,2.0,16.0,5.0,1.0,0.0,793.0,24.0,9.0,9.0,2.8,2.6,31.0,4.0,570.0,45.0,531.0,23.0,2926.0,2.0,12.0,46.0,6.0,3.0,2.0,29.0,6.0,1.0,14.0,14.0,24.0,10.0,17.0,1.0,25.0,11.0,8.0,17.0,7.0,0.0,9.0,1.0,0.0,0.0,0.0,46.0,15.0,8.0
1,Celta Vigo,4,2023-09-01,22:00:00,Away,Almería,3,2,3.0,1.52,0.16714285714285712,2.0,14.0,7.0,1.0,0.0,526.0,18.0,9.0,8.0,1.6,1.3,25.0,4.0,308.0,41.0,329.0,24.0,2213.0,1.7,12.0,41.0,14.0,4.0,1.0,23.0,5.0,3.0,10.0,11.0,27.0,16.0,33.0,0.0,31.0,14.0,3.0,8.0,10.0,0.0,9.0,3.0,0.0,0.0,0.0,45.0,8.0,15.0
0,Real Sociedad,4,2023-09-02,14:00:00,Home,Granada,5,3,0.8,0.34,0.1142857142857143,2.0,8.0,5.0,5.0,0.0,458.0,10.0,3.0,5.0,0.7,0.7000000000000001,14.0,3.0,255.0,19.0,218.0,10.0,1852.0,0.30000000000000004,7.0,17.0,4.0,1.0,1.0,20.0,5.0,5.0,6.0,2.0,10.0,8.0,18.0,1.0,9.0,9.0,2.0,11.0,8.0,0.0,14.0,5.0,0.0,0.0,1.0,43.0,14.0,12.0
1,Granada,4,2023-09-02,14:00:00,Away,Real Sociedad,3,5,2.3,2.5300000000000002,0.21333333333333335,4.0,15.0,6.0,1.0,0.0,685.0,17.0,6.0,11.0,2.3,1.7999999999999998,23.0,7.0,478.0,41.0,469.0,24.0,2987.0,1.1,12.0,38.0,5.0,0.0,3.0,13.0,2.0,8.0,9.0,9.0,20.0,11.0,17.0,1.0,23.0,2.0,10.0,18.0,8.0,0.0,15.0,8.0,0.0,0.0,1.0,60.0,12.0,14.0
0,Real Madrid,4,2023-09-02,16:15:00,Home,Getafe,2,1,0.4,0.38,0.08166666666666667,0.0,6.0,2.0,6.0,0.0,370.0,14.0,9.0,14.0,0.4,0.2,10.0,1.0,164.0,14.0,184.0,7.0,1987.0,0.1,3.0,14.0,2.0,1.0,0.0,12.0,1.0,0.0,6.0,7.0,15.0,8.0,38.0,1.0,11.0,6.0,3.0,9.0,7.0,0.0,16.0,0.0,0.0,0.0,0.0,42.0,22.0,13.0
1,Getafe,4,2023-09-02,16:15:00,Away,Real Madrid,1,2,2.8,2.77,0.10799999999999998,0.0,26.0,12.0,2.0,0.0,880.0,13.0,4.0,7.0,2.5999999999999996,1.6,45.0,2.0,674.0,85.0,644.0,31.0,3599.0,2.1,22.0,61.0,23.0,3.0,4.0,29.0,11.0,2.0,9.0,6.0,9.0,3.0,12.0,1.0,52.0,7.0,9.0,12.0,7.0,0.0,12.0,2.0,0.0,0.0,0.0,56.0,13.0,22.0
0,Alavés,4,2023-09-02,18:30:00,Home,Valencia,1,0,0.8,1.25,0.16333333333333333,0.0,6.0,0.0,4.0,0.0,455.0,13.0,3.0,9.0,0.6000000000000001,0.6000000000000001,12.0,0.0,246.0,28.0,251.0,12.0,2245.0,0.5,6.0,26.0,2.0,2.0,2.0,16.0,1.0,3.0,9.0,7.0,19.0,12.0,18.0,0.0,19.0,7.0,6.0,16.0,10.0,0.0,18.0,3.0,1.0,0.0,0.0,47.0,12.0,9.0
1,Valencia,4,2023-09-02,18:30:00,Away,Alavés,0,1,1.3,0.75,0.0977777777777778,0.0,9.0,4.0,2.0,0.0,641.0,17.0,5.0,9.0,0.6,0.7000000000000001,18.0,0.0,428.0,47.0,334.0,21.0,2234.0,0.5,8.0,29.0,8.0,0.0,0.0,17.0,2.0,0.0,8.0,7.0,17.0,10.0,19.0,0.0,13.0,7.0,2.0,21.0,6.0,0.0,9.0,0.0,0.0,1.0,1.0,53.0,9.0,12.0
0,Real Betis,4,2023-09-02,21:00:00,Home,Rayo Vallecano,1,0,1.5,1.1,0.10285714285714286,0.0,14.0,5.0,3.0,0.0,628.0,25.0,12.0,16.0,0.9,0.9,26.0,2.0,428.0,48.0,313.0,21.0,2679.0,1.1,11.0,30.0,12.0,1.0,0.0,14.0,2.0,2.0,15.0,7.0,14.0,7.0,12.0,0.0,30.0,9.0,4.0,13.0,13.0,0.0,22.0,2.0,0.0,0.0,0.0,60.0,6.0,10.0
1,Rayo Vallecano,4,2023-09-02,21:00:00,Away,Real Betis,0,1,1.0,1.3900000000000001,0.048571428571428564,0.0,15.0,6.0,5.0,0.0,517.0,22.0,3.0,10.0,1.6,0.8,27.0,0.0,319.0,35.0,270.0,8.0,2326.0,0.7000000000000001,12.0,25.0,6.0,2.0,1.0,13.0,3.0,4.0,12.0,9.0,13.0,4.0,15.0,0.0,17.0,7.0,2.0,8.0,18.0,0.0,20.0,4.0,0.0,0.0,0.0,55.0,10.0,6.0
0,Girona,4,2023-09-03,14:00:00,Home,Las Palmas,1,0,1.1,0.75,0.063,1.0,11.0,6.0,3.0,0.0,552.0,18.0,8.0,14.0,1.1,1.1,22.0,2.0,374.0,31.0,377.0,27.0,2465.0,1.0,11.0,24.0,11.0,2.0,3.0,18.0,3.0,4.0,13.0,7.0,17.0,10.0,12.0,0.0,29.0,10.0,5.0,16.0,5.0,0.0,15.0,4.0,0.0,0.0,0.0,52.0,9.0,9.0
1,Las Palmas,4,2023-09-03,14:00:00,Away,Girona,0,1,1.0,1.06,0.162,0.0,10.0,5.0,3.0,0.0,617.0,15.0,5.0,8.0,1.0999999999999999,1.0,16.0,0.0,441.0,28.0,405.0,14.0,2629.0,0.7999999999999999,8.0,34.0,9.0,2.0,2.0,15.0,5.0,0.0,11.0,10.0,27.0,17.0,17.0,0.0,22.0,7.0,4.0,13.0,11.0,0.0,10.0,0.0,0.0,0.0,0.0,43.0,9.0,9.0
0,Mallorca,4,2023-09-03,16:15:00,Home,Athletic Club,0,0,0.6,0.62,0.023636363636363636,0.0,11.0,3.0,1.0,0.0,640.0,7.0,4.0,12.0,0.5,0.5,20.0,0.0,427.0,42.0,325.0,18.0,2738.0,0.7000000000000001,10.0,35.0,7.0,4.0,0.0,31.0,5.0,4.0,4.0,2.0,8.0,6.0,7.0,0.0,18.0,13.0,4.0,17.0,12.0,0.0,17.0,4.0,0.0,0.0,0.0,46.0,19.0,22.0
1,Athletic Club,4,2023-09-03,16:15:00,Away,Mallorca,0,0,0.4,0.33,0.008571428571428572,0.0,8.0,1.0,0.0,0.0,405.0,25.0,10.0,8.0,0.30000000000000004,0.30000000000000004,11.0,0.0,159.0,15.0,153.0,10.0,1322.0,0.30000000000000004,5.0,9.0,2.0,1.0,0.0,9.0,3.0,5.0,13.0,13.0,21.0,8.0,35.0,0.0,11.0,2.0,2.0,12.0,5.0,0.0,12.0,5.0,0.0,0.0,0.0,53.0,22.0,19.0
0,Osasuna,4,2023-09-03,21:00:00,Home,Barcelona,1,2,2.0,2.07,0.17555555555555558,1.0,8.0,3.0,3.0,0.0,818.0,20.0,8.0,12.0,1.4000000000000001,0.30000000000000004,16.0,4.0,618.0,41.0,614.0,18.0,2905.0,1.0,5.0,59.0,9.0,1.0,0.0,16.0,5.0,2.0,14.0,9.0,13.0,4.0,28.0,0.0,20.0,3.0,6.0,18.0,13.0,0.0,16.0,2.0,1.0,0.0,0.0,48.0,15.0,16.0
1,Barcelona,4,2023-09-03,21:00:00,Away,Osasuna,2,1,0.8,0.76,0.082,1.0,11.0,3.0,1.0,1.0,414.0,16.0,5.0,10.0,0.8,0.6,19.0,2.0,223.0,26.0,174.0,12.0,1989.0,1.2,9.0,27.0,7.0,1.0,0.0,29.0,8.0,2.0,9.0,3.0,15.0,12.0,21.0,0.0,27.0,9.0,4.0,8.0,11.0,0.0,6.0,2.0,0.0,1.0,0.0,41.0,16.0,15.0
0,Rayo Vallecano,5,2023-09-15,21:00:00,Home,Alavés,2,0,0.7,0.67,0.011111111111111112,0.0,9.0,1.0,3.0,0.0,514.0,21.0,5.0,9.0,0.7000000000000001,0.5,17.0,0.0,290.0,44.0,204.0,14.0,2790.0,0.6,8.0,30.0,10.0,7.0,0.0,28.0,3.0,1.0,11.0,6.0,19.0,13.0,19.0,0.0,18.0,5.0,5.0,19.0,10.0,0.0,14.0,1.0,0.0,1.0,0.0,60.0,22.0,10.0
1,Alavés,5,2023-09-15,21:00:00,Away,Rayo Vallecano,0,2,2.6,2.66,0.1826315789473684,1.0,19.0,10.0,2.0,0.0,542.0,15.0,6.0,11.0,1.8,1.4,35.0,4.0,318.0,35.0,271.0,10.0,2698.0,1.0,15.0,35.0,8.0,4.0,1.0,19.0,5.0,0.0,9.0,5.0,15.0,10.0,20.0,0.0,27.0,6.0,5.0,7.0,15.0,0.0,15.0,0.0,1.0,0.0,0.0,58.0,10.0,22.0
0,Athletic Club,5,2023-09-16,14:00:00,Home,Cádiz,3,0,0.3,2.89,0.12250000000000001,2.0,20.0,8.0,1.0,0.0,638.0,8.0,2.0,7.0,2.9,2.0,36.0,6.0,411.0,58.0,421.0,23.0,2826.0,1.5,14.0,34.0,17.0,4.0,1.0,22.0,5.0,1.0,6.0,3.0,10.0,7.0,6.0,0.0,42.0,8.0,5.0,20.0,6.0,0.0,10.0,1.0,0.0,0.0,0.0,61.0,11.0,17.0
1,Cádiz,5,2023-09-16,14:00:00,Away,Athletic Club,0,3,2.9,0.26,0.21000000000000002,0.0,5.0,4.0,4.0,0.0,420.0,14.0,10.0,13.0,0.30000000000000004,0.2,10.0,0.0,182.0,13.0,187.0,8.0,2050.0,0.1,4.0,10.0,3.0,1.0,0.0,9.0,4.0,4.0,7.0,8.0,18.0,10.0,36.0,2.0,9.0,3.0,1.0,23.0,5.0,0.0,20.0,4.0,0.0,0.0,0.0,53.0,17.0,11.0
0,Valencia,5,2023-09-16,16:15:00,Home,Atlético Madrid,3,0,0.6,0.58,0.05600000000000001,0.0,11.0,3.0,5.0,0.0,708.0,18.0,5.0,11.0,0.5,0.5,21.0,0.0,496.0,66.0,502.0,18.0,2954.0,1.0,7.0,61.0,15.0,5.0,1.0,29.0,8.0,0.0,12.0,9.0,17.0,8.0,14.0,0.0,30.0,10.0,1.0,19.0,8.0,0.0,17.0,0.0,0.0,0.0,0.0,45.0,17.0,8.0
1,Atlético Madrid,5,2023-09-16,16:15:00,Away,Valencia,0,3,1.3,1.28,0.1875,2.0,12.0,8.0,1.0,0.0,494.0,18.0,8.0,17.0,1.3,0.8,22.0,6.0,276.0,19.0,276.0,14.0,1867.0,0.2,8.0,16.0,2.0,0.0,1.0,12.0,5.0,0.0,10.0,10.0,21.0,11.0,34.0,0.0,14.0,9.0,7.0,21.0,9.0,0.0,13.0,0.0,0.0,0.0,0.0,43.0,8.0,17.0
0,Celta Vigo,5,2023-09-16,18:30:00,Home,Mallorca,0,1,0.8,1.26,0.114,0.0,16.0,4.0,1.0,0.0,668.0,7.0,5.0,5.0,1.2000000000000002,1.1,30.0,0.0,456.0,43.0,461.0,22.0,2682.0,1.5,14.0,42.0,10.0,3.0,2.0,31.0,10.0,2.0,4.0,3.0,9.0,6.0,13.0,0.0,28.0,5.0,6.0,17.0,12.0,0.0,9.0,2.0,0.0,0.0,0.0,58.0,15.0,19.0
1,Mallorca,5,2023-09-16,18:30:00,Away,Celta Vigo,1,0,1.3,0.81,0.1842857142857143,1.0,7.0,3.0,3.0,0.0,513.0,17.0,15.0,11.0,0.7,0.7,11.0,1.0,292.0,21.0,263.0,5.0,2070.0,0.2,7.0,22.0,4.0,1.0,0.0,6.0,1.0,0.0,9.0,5.0,8.0,3.0,32.0,1.0,11.0,3.0,1.0,24.0,4.0,0.0,15.0,0.0,0.0,0.0,0.0,40.0,19.0,15.0
0,Barcelona,5,2023-09-16,21:00:00,Home,Real Betis,5,0,0.8,2.05,0.175,4.0,17.0,9.0,1.0,0.0,800.0,22.0,6.0,5.0,2.4,2.4,34.0,10.0,619.0,50.0,371.0,31.0,2976.0,1.3,14.0,39.0,15.0,6.0,2.0,16.0,9.0,3.0,12.0,8.0,18.0,10.0,10.0,0.0,34.0,13.0,11.0,10.0,3.0,0.0,9.0,3.0,0.0,0.0,0.0,44.0,7.0,2.0
1,Real Betis,5,2023-09-16,21:00:00,Away,Barcelona,0,5,2.4,0.8500000000000001,0.05909090909090908,0.0,11.0,2.0,2.0,0.0,470.0,16.0,11.0,11.0,0.8,0.7,21.0,0.0,300.0,32.0,280.0,18.0,1811.0,0.4,9.0,20.0,8.0,0.0,0.0,10.0,5.0,3.0,10.0,13.0,30.0,17.0,18.0,0.0,16.0,8.0,5.0,8.0,14.0,0.0,10.0,3.0,0.0,0.0,0.0,41.0,2.0,7.0
0,Getafe,5,2023-09-17,14:00:00,Home,Osasuna,3,2,1.1,0.51,0.12181818181818181,3.0,11.0,6.0,6.0,0.0,492.0,9.0,6.0,6.0,0.4,0.4,21.0,5.0,262.0,26.0,233.0,11.0,2472.0,0.5,10.0,25.0,5.0,4.0,1.0,21.0,6.0,0.0,5.0,6.0,10.0,4.0,17.0,0.0,17.0,4.0,3.0,15.0,6.0,0.0,15.0,0.0,0.0,1.0,0.0,48.0,23.0,31.0
1,Osasuna,5,2023-09-17,14:00:00,Away,Getafe,2,3,0.5,1.1,0.22,1.0,7.0,2.0,2.0,0.0,590.0,10.0,8.0,9.0,0.30000000000000004,0.2,14.0,3.0,357.0,24.0,295.0,8.0,2364.0,0.1,6.0,35.0,2.0,1.0,0.0,15.0,3.0,7.0,6.0,4.0,6.0,2.0,25.0,0.0,13.0,6.0,1.0,11.0,3.0,0.0,11.0,7.0,1.0,0.0,0.0,49.0,31.0,23.0
0,Villarreal,5,2023-09-17,16:15:00,Home,Almería,2,1,1.5,1.49,0.125625,1.0,17.0,7.0,3.0,0.0,453.0,18.0,8.0,14.0,1.6,1.2000000000000002,28.0,2.0,248.0,22.0,212.0,20.0,1626.0,0.7,10.0,17.0,2.0,0.0,3.0,14.0,6.0,1.0,10.0,9.0,16.0,7.0,21.0,0.0,20.0,8.0,6.0,13.0,10.0,0.0,6.0,1.0,0.0,0.0,0.0,52.0,13.0,15.0
1,Almería,5,2023-09-17,16:15:00,Away,Villarreal,1,2,0.9,0.89,0.159,2.0,10.0,4.0,2.0,0.0,647.0,18.0,4.0,7.0,1.0,0.8,20.0,4.0,453.0,57.0,454.0,20.0,3007.0,0.8,8.0,48.0,12.0,2.0,1.0,25.0,6.0,1.0,6.0,8.0,18.0,10.0,14.0,1.0,31.0,9.0,8.0,15.0,9.0,0.0,16.0,1.0,0.0,0.0,0.0,47.0,15.0,13.0
0,Sevilla,5,2023-09-17,18:30:00,Home,Las Palmas,1,0,1.0,0.7,0.03692307692307692,0.0,14.0,2.0,5.0,0.0,665.0,16.0,6.0,14.0,1.0,0.8,24.0,0.0,420.0,46.0,316.0,23.0,3117.0,1.0,12.0,44.0,6.0,0.0,1.0,12.0,3.0,0.0,10.0,8.0,18.0,10.0,29.0,0.0,15.0,12.0,5.0,25.0,13.0,0.0,12.0,0.0,0.0,0.0,0.0,58.0,11.0,10.0
1,Las Palmas,5,2023-09-17,18:30:00,Away,Sevilla,0,1,1.7,1.74,0.10615384615384614,0.0,26.0,9.0,3.0,0.0,550.0,25.0,14.0,16.0,1.7000000000000002,0.9,46.0,1.0,285.0,46.0,299.0,17.0,2247.0,1.7,18.0,28.0,10.0,5.0,1.0,34.0,7.0,6.0,17.0,12.0,23.0,11.0,20.0,0.0,38.0,8.0,7.0,18.0,8.0,0.0,13.0,6.0,0.0,0.0,0.0,73.0,10.0,11.0
0,Real Madrid,5,2023-09-17,21:00:00,Home,Real Sociedad,2,1,1.6,2.04,0.108125,2.0,17.0,8.0,3.0,0.0,667.0,16.0,11.0,6.0,2.2,1.7,31.0,4.0,477.0,46.0,484.0,27.0,2754.0,1.9000000000000001,12.0,47.0,11.0,3.0,0.0,19.0,4.0,3.0,8.0,10.0,17.0,7.0,15.0,0.0,31.0,12.0,8.0,7.0,3.0,0.0,11.0,3.0,0.0,0.0,0.0,48.0,14.0,7.0
1,Real Sociedad,5,2023-09-17,21:00:00,Away,Real Madrid,1,2,2.0,1.9300000000000002,0.15733333333333333,0.0,15.0,5.0,2.0,0.0,635.0,15.0,12.0,8.0,1.6,1.0,26.0,1.0,448.0,37.0,413.0,15.0,2437.0,0.8999999999999999,11.0,39.0,7.0,2.0,2.0,12.0,3.0,2.0,9.0,12.0,20.0,8.0,23.0,1.0,18.0,10.0,5.0,11.0,6.0,0.0,14.0,2.0,0.0,0.0,0.0,42.0,7.0,14.0
0,Granada,5,2023-09-18,21:00:00,Home,Girona,2,4,2.8,2.77,0.21769230769230768,3.0,13.0,6.0,3.0,0.0,607.0,21.0,2.0,11.0,2.8000000000000003,2.1,21.0,6.0,412.0,31.0,425.0,20.0,2480.0,1.3,9.0,33.0,6.0,2.0,1.0,16.0,5.0,5.0,10.0,15.0,22.0,7.0,23.0,0.0,20.0,7.0,4.0,18.0,12.0,0.0,21.0,5.0,0.0,0.0,0.0,48.0,4.0,17.0
1,Girona,5,2023-09-18,21:00:00,Away,Granada,4,2,1.6,1.57,0.20636363636363636,2.0,12.0,5.0,3.0,0.0,479.0,19.0,5.0,12.0,1.6,1.5,22.0,3.0,285.0,24.0,234.0,12.0,2235.0,0.9,10.0,18.0,8.0,4.0,1.0,24.0,4.0,3.0,10.0,7.0,20.0,13.0,11.0,2.0,20.0,15.0,1.0,17.0,6.0,0.0,13.0,3.0,0.0,0.0,0.0,53.0,17.0,4.0
0,Alavés,6,2023-09-22,21:00:00,Home,Athletic Club,0,2,1.7,1.13,0.12285714285714286,0.0,15.0,5.0,2.0,0.0,542.0,18.0,8.0,17.0,1.0,0.8,28.0,0.0,294.0,29.0,233.0,13.0,2539.0,0.5,10.0,23.0,5.0,0.0,0.0,17.0,3.0,4.0,8.0,7.0,14.0,7.0,19.0,0.0,19.0,6.0,3.0,18.0,7.0,0.0,13.0,4.0,0.0,0.0,0.0,72.0,16.0,16.0
1,Athletic Club,6,2023-09-22,21:00:00,Away,Alavés,2,0,1.1,1.73,0.11272727272727273,2.0,11.0,3.0,2.0,0.0,688.0,13.0,3.0,12.0,1.9000000000000001,1.3,22.0,4.0,429.0,45.0,395.0,18.0,2960.0,0.7000000000000001,7.0,34.0,5.0,0.0,1.0,15.0,4.0,0.0,10.0,6.0,12.0,6.0,29.0,0.0,25.0,7.0,8.0,31.0,11.0,0.0,9.0,0.0,0.0,0.0,0.0,67.0,16.0,16.0
0,Girona,6,2023-09-23,14:00:00,Home,Mallorca,5,3,1.8,3.11,0.17,3.0,22.0,8.0,1.0,0.0,662.0,12.0,4.0,13.0,2.5,2.0,40.0,10.0,492.0,46.0,337.0,24.0,2732.0,2.5,17.0,48.0,18.0,4.0,2.0,20.0,6.0,1.0,6.0,4.0,8.0,4.0,10.0,0.0,50.0,3.0,9.0,15.0,6.0,0.0,10.0,1.0,1.0,1.0,0.0,46.0,10.0,11.0
1,Mallorca,6,2023-09-23,14:00:00,Away,Girona,3,5,3.2,1.82,0.1673333333333333,1.0,14.0,4.0,5.0,0.0,541.0,9.0,3.0,12.0,1.0,0.7,29.0,5.0,365.0,26.0,361.0,15.0,2265.0,0.9,11.0,16.0,5.0,3.0,1.0,18.0,5.0,3.0,6.0,3.0,9.0,6.0,21.0,1.0,14.0,4.0,2.0,12.0,8.0,0.0,12.0,3.0,0.0,1.0,0.0,46.0,11.0,10.0
0,Osasuna,6,2023-09-23,16:15:00,Home,Sevilla,0,0,0.8,1.42,0.011333333333333332,0.0,16.0,2.0,2.0,0.0,514.0,15.0,5.0,13.0,1.4,0.9,24.0,0.0,222.0,35.0,226.0,20.0,2735.0,0.9,10.0,26.0,7.0,3.0,0.0,21.0,7.0,2.0,9.0,8.0,15.0,7.0,24.0,0.0,35.0,17.0,9.0,26.0,6.0,0.0,11.0,2.0,0.0,0.0,0.0,58.0,27.0,28.0
1,Sevilla,6,2023-09-23,16:15:00,Away,Osasuna,0,0,1.4,0.77,0.03933333333333333,0.0,15.0,3.0,3.0,0.0,623.0,23.0,7.0,12.0,0.7000000000000001,0.39999999999999997,27.0,0.0,323.0,41.0,326.0,17.0,2627.0,0.8,8.0,32.0,11.0,4.0,1.0,20.0,4.0,4.0,17.0,17.0,23.0,6.0,29.0,0.0,20.0,8.0,3.0,24.0,7.0,0.0,7.0,4.0,0.0,0.0,0.0,73.0,28.0,27.0
0,Barcelona,6,2023-09-23,18:30:00,Home,Celta Vigo,3,2,1.5,1.58,0.18333333333333332,3.0,15.0,6.0,2.0,0.0,941.0,11.0,7.0,6.0,1.6,1.5,28.0,6.0,767.0,69.0,690.0,30.0,3606.0,1.5,14.0,79.0,7.0,1.0,2.0,21.0,2.0,2.0,6.0,6.0,13.0,7.0,9.0,0.0,12.0,6.0,3.0,15.0,6.0,0.0,10.0,2.0,0.0,0.0,0.0,51.0,13.0,10.0
1,Celta Vigo,6,2023-09-23,18:30:00,Away,Barcelona,2,3,1.6,1.3900000000000001,0.18499999999999997,2.0,13.0,7.0,1.0,0.0,399.0,12.0,7.0,9.0,1.5,1.3,25.0,4.0,218.0,30.0,188.0,22.0,1743.0,0.7000000000000001,12.0,22.0,8.0,1.0,1.0,11.0,3.0,0.0,9.0,6.0,13.0,7.0,29.0,0.0,22.0,6.0,6.0,14.0,5.0,0.0,11.0,0.0,0.0,0.0,0.0,47.0,10.0,13.0
0,Almería,6,2023-09-23,21:00:00,Home,Valencia,2,2,0.8,2.81,0.21687499999999998,0.0,17.0,10.0,4.0,0.0,699.0,10.0,4.0,10.0,2.9,1.3,29.0,2.0,500.0,43.0,436.0,11.0,2984.0,0.6,11.0,36.0,10.0,7.0,0.0,21.0,7.0,3.0,8.0,4.0,11.0,7.0,15.0,0.0,22.0,12.0,1.0,12.0,13.0,0.0,12.0,3.0,0.0,0.0,0.0,43.0,24.0,13.0
1,Valencia,6,2023-09-23,21:00:00,Away,Almería,2,2,2.6,0.76,0.25142857142857145,2.0,7.0,5.0,2.0,0.0,490.0,25.0,5.0,6.0,0.8,0.7,12.0,4.0,278.0,19.0,250.0,13.0,1630.0,0.5,6.0,7.0,3.0,1.0,3.0,11.0,3.0,1.0,15.0,12.0,21.0,9.0,23.0,1.0,12.0,4.0,1.0,13.0,6.0,0.0,10.0,1.0,0.0,0.0,0.0,37.0,13.0,24.0
0,Real Sociedad,6,2023-09-24,14:00:00,Home,Getafe,4,3,1.4,1.4000000000000001,0.29888888888888887,2.0,9.0,6.0,2.0,0.0,427.0,19.0,5.0,5.0,0.7,0.6000000000000001,20.0,6.0,223.0,19.0,189.0,10.0,1739.0,0.6,8.0,16.0,5.0,3.0,0.0,17.0,1.0,1.0,11.0,11.0,21.0,10.0,10.0,1.0,15.0,3.0,3.0,10.0,8.0,0.0,24.0,1.0,1.0,1.0,0.0,44.0,32.0,23.0
1,Getafe,6,2023-09-24,14:00:00,Away,Real Sociedad,3,4,2.0,2.0300000000000002,0.362,2.0,9.0,5.0,3.0,0.0,630.0,11.0,5.0,6.0,1.2000000000000002,1.0,18.0,7.0,420.0,31.0,320.0,22.0,2542.0,0.8,7.0,34.0,3.0,0.0,3.0,12.0,2.0,3.0,4.0,3.0,12.0,9.0,16.0,0.0,11.0,11.0,2.0,12.0,8.0,0.0,13.0,3.0,1.0,1.0,0.0,47.0,23.0,32.0
0,Rayo Vallecano,6,2023-09-24,16:15:00,Home,Villarreal,1,1,1.6,1.21,0.12727272727272726,1.0,11.0,6.0,2.0,0.0,458.0,14.0,11.0,7.0,1.3,0.7999999999999999,19.0,2.0,276.0,29.0,291.0,18.0,2391.0,0.8,8.0,36.0,9.0,1.0,1.0,12.0,2.0,6.0,10.0,6.0,17.0,11.0,21.0,0.0,34.0,10.0,7.0,12.0,11.0,0.0,20.0,6.0,0.0,0.0,0.0,46.0,3.0,13.0
1,Villarreal,6,2023-09-24,16:15:00,Away,Rayo Vallecano,1,1,1.2,1.6,0.10083333333333333,1.0,13.0,6.0,3.0,1.0,613.0,21.0,10.0,9.0,1.7,1.5,24.0,2.0,422.0,36.0,389.0,11.0,2960.0,1.1,10.0,32.0,13.0,3.0,2.0,20.0,8.0,2.0,14.0,10.0,20.0,10.0,18.0,1.0,24.0,6.0,2.0,16.0,8.0,1.0,18.0,2.0,0.0,0.0,0.0,50.0,13.0,3.0
0,Las Palmas,6,2023-09-24,17:30:00,Home,Granada,1,0,0.0,0.04,0.05,0.0,2.0,1.0,4.0,0.0,455.0,16.0,4.0,6.0,0.0,0.0,3.0,0.0,240.0,20.0,237.0,9.0,1879.0,0.9,0.0,22.0,2.0,1.0,2.0,23.0,7.0,5.0,5.0,10.0,19.0,9.0,12.0,0.0,9.0,12.0,3.0,10.0,11.0,0.0,19.0,5.0,0.0,0.0,0.0,53.0,18.0,20.0
1,Granada,6,2023-09-24,17:30:00,Away,Las Palmas,0,1,0.6,0.59,0.054000000000000006,1.0,10.0,3.0,6.0,1.0,601.0,23.0,7.0,8.0,0.6,0.4,17.0,2.0,376.0,32.0,252.0,7.0,2322.0,0.4,7.0,22.0,7.0,1.0,0.0,15.0,6.0,4.0,13.0,12.0,19.0,7.0,28.0,0.0,10.0,10.0,0.0,18.0,6.0,1.0,13.0,4.0,0.0,0.0,0.0,55.0,20.0,18.0
0,Real Betis,6,2023-09-24,18:30:00,Home,Cádiz,1,1,0.2,1.77,0.078,0.0,21.0,7.0,2.0,0.0,661.0,24.0,5.0,8.0,1.9,1.6,40.0,1.0,475.0,60.0,412.0,32.0,2716.0,1.2000000000000002,16.0,44.0,17.0,6.0,2.0,34.0,11.0,1.0,14.0,16.0,23.0,7.0,23.0,0.0,32.0,12.0,6.0,14.0,15.0,0.0,10.0,1.0,0.0,0.0,0.0,54.0,19.0,11.0
1,Cádiz,6,2023-09-24,18:30:00,Away,Real Betis,1,1,1.8,0.22,0.13799999999999998,0.0,5.0,1.0,3.0,0.0,431.0,27.0,5.0,9.0,0.2,0.1,7.0,2.0,235.0,21.0,225.0,13.0,2227.0,0.1,2.0,26.0,2.0,1.0,0.0,23.0,8.0,5.0,14.0,12.0,25.0,13.0,23.0,0.0,8.0,16.0,1.0,10.0,8.0,0.0,14.0,5.0,0.0,0.0,0.0,47.0,11.0,19.0
0,Atlético Madrid,6,2023-09-24,21:00:00,Home,Real Madrid,3,1,1.0,1.28,0.2677777777777778,3.0,10.0,4.0,1.0,0.0,494.0,25.0,8.0,15.0,1.2999999999999998,1.3,18.0,6.0,310.0,26.0,255.0,16.0,2097.0,1.0,9.0,23.0,4.0,3.0,1.0,15.0,6.0,1.0,19.0,12.0,23.0,11.0,27.0,0.0,14.0,3.0,7.0,14.0,8.0,0.0,13.0,1.0,0.0,0.0,0.0,38.0,1.0,5.0
1,Real Madrid,6,2023-09-24,21:00:00,Away,Atlético Madrid,1,3,1.4,1.0,0.028000000000000004,0.0,20.0,5.0,3.0,0.0,770.0,11.0,9.0,8.0,0.8,0.7000000000000001,35.0,2.0,584.0,73.0,491.0,22.0,2731.0,2.1,15.0,53.0,16.0,1.0,3.0,33.0,11.0,1.0,6.0,3.0,8.0,5.0,14.0,0.0,34.0,12.0,4.0,17.0,13.0,0.0,10.0,1.0,0.0,0.0,0.0,58.0,5.0,1.0
0,Sevilla,7,2023-09-26,19:00:00,Home,Almería,5,1,1.8,1.78,0.1,0.0,9.0,0.0,2.0,0.0,572.0,12.0,6.0,8.0,1.0,0.9000000000000001,20.0,2.0,381.0,35.0,299.0,19.0,2537.0,0.8,7.0,36.0,8.0,5.0,0.0,23.0,4.0,2.0,7.0,7.0,18.0,11.0,15.0,0.0,16.0,8.0,3.0,12.0,9.0,0.0,16.0,2.0,1.0,0.0,0.0,41.0,14.0,19.0
1,Almería,7,2023-09-26,19:00:00,Away,Sevilla,1,5,2.2,2.1,0.20823529411764707,3.0,18.0,9.0,3.0,0.0,524.0,17.0,5.0,7.0,2.1,1.2999999999999998,34.0,9.0,315.0,32.0,330.0,18.0,1914.0,0.9,15.0,20.0,9.0,4.0,1.0,24.0,9.0,0.0,11.0,8.0,13.0,5.0,23.0,0.0,26.0,7.0,7.0,17.0,5.0,0.0,15.0,0.0,0.0,1.0,0.0,48.0,19.0,14.0
0,Mallorca,7,2023-09-26,21:30:00,Home,Barcelona,2,2,1.9,1.8900000000000001,0.172,1.0,10.0,4.0,1.0,0.0,734.0,13.0,7.0,14.0,1.9000000000000001,1.8,19.0,4.0,524.0,54.0,490.0,29.0,2831.0,1.8,8.0,60.0,13.0,3.0,6.0,11.0,2.0,1.0,6.0,5.0,12.0,7.0,13.0,1.0,21.0,13.0,2.0,22.0,15.0,0.0,7.0,1.0,0.0,0.0,0.0,60.0,19.0,20.0
1,Barcelona,7,2023-09-26,21:30:00,Away,Mallorca,2,2,0.8,0.6599999999999999,0.13666666666666666,2.0,10.0,5.0,4.0,1.0,391.0,28.0,13.0,10.0,0.8,0.6000000000000001,17.0,3.0,164.0,22.0,161.0,10.0,1728.0,0.6,9.0,17.0,5.0,1.0,2.0,14.0,7.0,6.0,15.0,13.0,25.0,12.0,15.0,0.0,12.0,5.0,2.0,17.0,8.0,0.0,19.0,6.0,0.0,0.0,0.0,63.0,20.0,19.0
0,Athletic Club,7,2023-09-27,19:00:00,Home,Getafe,2,2,1.4,0.75,0.1825,2.0,8.0,4.0,5.0,1.0,553.0,14.0,9.0,13.0,0.7,0.7,15.0,4.0,321.0,35.0,252.0,22.0,2295.0,0.30000000000000004,7.0,28.0,5.0,3.0,2.0,22.0,5.0,6.0,10.0,7.0,15.0,8.0,32.0,0.0,13.0,2.0,4.0,19.0,4.0,0.0,9.0,6.0,0.0,0.0,0.0,61.0,18.0,10.0
1,Getafe,7,2023-09-27,19:00:00,Away,Athletic Club,2,2,0.7,1.34,0.22083333333333333,2.0,13.0,5.0,4.0,0.0,550.0,6.0,11.0,6.0,1.3,0.9,23.0,4.0,326.0,38.0,332.0,13.0,2238.0,0.7,8.0,29.0,7.0,7.0,1.0,30.0,4.0,1.0,3.0,2.0,11.0,9.0,20.0,2.0,21.0,7.0,3.0,15.0,7.0,0.0,19.0,1.0,0.0,0.0,0.0,58.0,10.0,18.0
0,Real Madrid,7,2023-09-27,19:00:00,Home,Las Palmas,2,0,0.7,0.65,0.014666666666666668,0.0,16.0,2.0,1.0,0.0,823.0,24.0,7.0,14.0,0.7000000000000001,0.6000000000000001,32.0,0.0,615.0,46.0,554.0,15.0,3329.0,1.1,15.0,35.0,12.0,3.0,2.0,8.0,2.0,2.0,14.0,14.0,24.0,10.0,26.0,1.0,19.0,4.0,2.0,22.0,8.0,0.0,9.0,2.0,0.0,0.0,0.0,53.0,3.0,5.0
1,Las Palmas,7,2023-09-27,19:00:00,Away,Real Madrid,0,2,1.7,1.77,0.14857142857142858,2.0,21.0,9.0,0.0,0.0,723.0,12.0,7.0,13.0,1.8,1.8,39.0,4.0,534.0,48.0,500.0,31.0,2853.0,1.8,18.0,40.0,8.0,1.0,4.0,16.0,7.0,6.0,8.0,4.0,10.0,6.0,8.0,0.0,51.0,14.0,14.0,13.0,10.0,0.0,7.0,6.0,0.0,0.0,0.0,57.0,5.0,3.0
0,Villarreal,7,2023-09-27,19:00:00,Home,Girona,1,2,2.1,2.15,0.08470588235294117,2.0,17.0,5.0,2.0,0.0,562.0,16.0,8.0,14.0,2.0,2.0,29.0,4.0,379.0,23.0,324.0,20.0,2254.0,1.9000000000000001,13.0,22.0,9.0,6.0,0.0,20.0,6.0,0.0,13.0,8.0,16.0,8.0,25.0,0.0,23.0,5.0,4.0,10.0,12.0,0.0,11.0,0.0,0.0,1.0,0.0,49.0,9.0,9.0
1,Girona,7,2023-09-27,19:00:00,Away,Villarreal,2,1,1.8,1.85,0.09538461538461539,0.0,13.0,2.0,3.0,0.0,614.0,17.0,7.0,11.0,1.1,0.6,24.0,2.0,434.0,48.0,317.0,27.0,3113.0,1.1,10.0,38.0,11.0,3.0,0.0,22.0,5.0,4.0,12.0,5.0,12.0,7.0,11.0,1.0,33.0,8.0,5.0,17.0,8.0,0.0,9.0,4.0,1.0,0.0,0.0,45.0,9.0,9.0
0,Cádiz,7,2023-09-27,21:30:00,Home,Rayo Vallecano,0,0,0.3,0.56,0.07875,0.0,9.0,2.0,5.0,0.0,560.0,12.0,9.0,10.0,0.5,0.4,17.0,0.0,326.0,31.0,256.0,13.0,2518.0,0.30000000000000004,8.0,29.0,6.0,3.0,0.0,21.0,1.0,1.0,8.0,5.0,10.0,5.0,15.0,0.0,16.0,7.0,0.0,15.0,10.0,0.0,16.0,1.0,0.0,0.0,0.0,53.0,22.0,12.0
1,Rayo Vallecano,7,2023-09-27,21:30:00,Away,Cádiz,0,0,0.6,0.27,0.08555555555555555,0.0,9.0,4.0,5.0,1.0,535.0,17.0,9.0,11.0,0.2,0.0,16.0,0.0,297.0,31.0,278.0,17.0,1852.0,0.0,5.0,14.0,3.0,0.0,0.0,13.0,2.0,2.0,9.0,7.0,8.0,1.0,29.0,0.0,6.0,5.0,1.0,12.0,7.0,0.0,13.0,2.0,0.0,0.0,0.0,56.0,12.0,22.0
0,Valencia,7,2023-09-27,21:30:00,Home,Real Sociedad,0,1,0.2,0.18,0.02,1.0,2.0,1.0,7.0,0.0,738.0,16.0,11.0,13.0,0.2,0.2,4.0,2.0,535.0,25.0,410.0,14.0,2861.0,0.0,1.0,25.0,3.0,1.0,0.0,11.0,2.0,2.0,11.0,7.0,15.0,8.0,15.0,1.0,7.0,8.0,3.0,14.0,10.0,0.0,17.0,2.0,0.0,0.0,0.0,47.0,27.0,15.0
1,Real Sociedad,7,2023-09-27,21:30:00,Away,Valencia,1,0,0.4,0.34,0.04875,0.0,9.0,2.0,4.0,1.0,478.0,18.0,2.0,13.0,0.30000000000000004,0.1,12.0,0.0,282.0,21.0,263.0,6.0,1707.0,0.30000000000000004,4.0,20.0,2.0,1.0,0.0,8.0,0.0,3.0,10.0,8.0,16.0,8.0,16.0,0.0,8.0,7.0,1.0,10.0,9.0,1.0,14.0,3.0,0.0,0.0,0.0,60.0,15.0,27.0
0,Celta Vigo,7,2023-09-28,19:00:00,Home,Alavés,1,1,2.6,2.58,0.081,1.0,21.0,9.0,3.0,0.0,618.0,12.0,5.0,9.0,2.5,1.5000000000000002,38.0,2.0,409.0,49.0,322.0,22.0,2709.0,1.6,15.0,42.0,14.0,3.0,0.0,28.0,8.0,2.0,9.0,7.0,15.0,8.0,15.0,0.0,37.0,8.0,9.0,19.0,4.0,0.0,11.0,2.0,0.0,0.0,1.0,51.0,17.0,12.0
1,Alavés,7,2023-09-28,19:00:00,Away,Celta Vigo,1,1,0.6,0.6,0.0,0.0,8.0,0.0,6.0,1.0,532.0,12.0,3.0,14.0,0.5,0.5,16.0,0.0,333.0,20.0,271.0,15.0,2251.0,0.6,6.0,18.0,3.0,0.0,2.0,9.0,2.0,0.0,6.0,8.0,21.0,13.0,31.0,1.0,12.0,7.0,4.0,10.0,5.0,1.0,9.0,0.0,0.0,0.0,0.0,43.0,12.0,17.0
0,Granada,7,2023-09-28,19:00:00,Home,Real Betis,1,1,0.9,0.8300000000000001,0.04583333333333334,1.0,13.0,3.0,1.0,0.0,673.0,13.0,11.0,13.0,1.0,0.6,24.0,1.0,465.0,42.0,410.0,19.0,2897.0,0.6000000000000001,11.0,38.0,14.0,0.0,3.0,21.0,7.0,2.0,2.0,11.0,24.0,13.0,21.0,0.0,22.0,5.0,2.0,16.0,7.0,0.0,10.0,2.0,0.0,0.0,0.0,51.0,12.0,10.0
1,Real Betis,7,2023-09-28,19:00:00,Away,Granada,1,1,1.8,1.78,0.06666666666666667,1.0,18.0,7.0,2.0,0.0,496.0,12.0,3.0,13.0,1.7000000000000002,1.6,33.0,2.0,275.0,29.0,294.0,20.0,2669.0,1.6,14.0,26.0,8.0,5.0,1.0,24.0,5.0,2.0,10.0,5.0,13.0,8.0,30.0,1.0,28.0,11.0,8.0,7.0,2.0,0.0,14.0,2.0,0.0,0.0,0.0,45.0,10.0,12.0
0,Osasuna,7,2023-09-28,21:30:00,Home,Atlético Madrid,0,2,1.5,0.89,0.23249999999999998,1.0,5.0,3.0,3.0,1.0,587.0,12.0,4.0,14.0,1.4,1.3,9.0,3.0,366.0,15.0,351.0,14.0,2316.0,0.5,2.0,11.0,5.0,0.0,1.0,3.0,2.0,5.0,9.0,7.0,17.0,10.0,35.0,0.0,9.0,6.0,2.0,18.0,5.0,1.0,4.0,5.0,0.0,0.0,0.0,59.0,12.0,20.0
1,Atlético Madrid,7,2023-09-28,21:30:00,Away,Osasuna,2,0,1.0,0.96,0.050769230769230775,0.0,13.0,2.0,3.0,1.0,649.0,11.0,8.0,8.0,1.0,0.7,22.0,0.0,447.0,67.0,373.0,26.0,2824.0,1.4,9.0,52.0,18.0,4.0,1.0,38.0,7.0,2.0,5.0,6.0,10.0,4.0,9.0,1.0,32.0,7.0,5.0,13.0,5.0,0.0,14.0,2.0,0.0,0.0,0.0,65.0,20.0,12.0
0,Barcelona,8,2023-09-29,21:00:00,Home,Sevilla,1,0,1.1,2.42,0.08722222222222223,0.0,18.0,4.0,2.0,0.0,643.0,11.0,5.0,8.0,2.5,2.1,32.0,0.0,431.0,50.0,397.0,21.0,2728.0,1.5,14.0,32.0,13.0,3.0,4.0,21.0,13.0,1.0,9.0,6.0,10.0,4.0,24.0,0.0,34.0,10.0,10.0,17.0,10.0,0.0,11.0,1.0,0.0,0.0,0.0,43.0,13.0,15.0
1,Sevilla,8,2023-09-29,21:00:00,Away,Barcelona,0,1,2.4,1.07,0.049090909090909095,0.0,12.0,3.0,3.0,0.0,501.0,20.0,12.0,14.0,1.0,0.8,24.0,0.0,280.0,28.0,254.0,13.0,2298.0,0.8,8.0,22.0,7.0,3.0,1.0,24.0,3.0,3.0,16.0,10.0,26.0,16.0,22.0,0.0,25.0,6.0,7.0,14.0,5.0,0.0,15.0,3.0,0.0,0.0,1.0,45.0,15.0,13.0
0,Getafe,8,2023-09-30,14:00:00,Home,Villarreal,0,0,0.1,0.9,0.06285714285714286,0.0,22.0,9.0,2.0,0.0,638.0,22.0,6.0,5.0,0.9,0.6000000000000001,37.0,0.0,426.0,64.0,431.0,26.0,2887.0,1.3,16.0,49.0,11.0,6.0,0.0,44.0,6.0,2.0,12.0,9.0,19.0,10.0,14.0,0.0,29.0,8.0,4.0,13.0,8.0,0.0,19.0,2.0,0.0,0.0,0.0,67.0,13.0,18.0
1,Villarreal,8,2023-09-30,14:00:00,Away,Getafe,0,0,0.9,0.14,0.0,0.0,3.0,0.0,4.0,1.0,424.0,16.0,9.0,12.0,0.2,0.2,6.0,0.0,209.0,14.0,221.0,8.0,2214.0,0.1,3.0,12.0,3.0,2.0,1.0,11.0,4.0,1.0,11.0,8.0,11.0,3.0,28.0,0.0,9.0,9.0,2.0,26.0,13.0,0.0,11.0,1.0,0.0,0.0,0.0,40.0,18.0,13.0
0,Rayo Vallecano,8,2023-09-30,16:15:00,Home,Mallorca,2,2,1.5,1.46,0.16777777777777775,2.0,9.0,4.0,5.0,0.0,452.0,19.0,11.0,5.0,1.4,1.4,16.0,4.0,238.0,22.0,166.0,12.0,2816.0,0.6000000000000001,8.0,20.0,4.0,1.0,2.0,7.0,0.0,2.0,13.0,14.0,21.0,7.0,14.0,0.0,15.0,3.0,4.0,16.0,2.0,0.0,20.0,2.0,0.0,1.0,0.0,47.0,24.0,18.0
1,Mallorca,8,2023-09-30,16:15:00,Away,Rayo Vallecano,2,2,2.3,1.5,0.051666666666666666,1.0,18.0,4.0,2.0,0.0,640.0,5.0,7.0,11.0,1.5,0.6000000000000001,30.0,2.0,434.0,62.0,412.0,9.0,3061.0,0.9,10.0,47.0,10.0,4.0,0.0,21.0,5.0,1.0,3.0,3.0,10.0,7.0,14.0,1.0,20.0,14.0,0.0,14.0,5.0,0.0,12.0,1.0,0.0,0.0,0.0,53.0,18.0,24.0
0,Girona,8,2023-09-30,18:30:00,Home,Real Madrid,0,3,2.3,1.61,0.053076923076923084,0.0,13.0,3.0,2.0,0.0,704.0,16.0,10.0,6.0,1.6,1.0,23.0,0.0,529.0,54.0,529.0,21.0,2856.0,1.1,10.0,51.0,8.0,2.0,2.0,25.0,1.0,0.0,10.0,8.0,21.0,13.0,7.0,0.0,15.0,5.0,4.0,15.0,17.0,0.0,13.0,0.0,0.0,0.0,0.0,50.0,3.0,3.0
1,Real Madrid,8,2023-09-30,18:30:00,Away,Girona,3,0,1.6,2.3,0.23,3.0,14.0,7.0,2.0,1.0,675.0,22.0,14.0,10.0,2.3,2.1,23.0,5.0,483.0,29.0,503.0,30.0,2805.0,0.5,10.0,32.0,2.0,0.0,1.0,9.0,4.0,0.0,13.0,5.0,9.0,4.0,17.0,0.0,25.0,8.0,12.0,18.0,8.0,0.0,14.0,0.0,0.0,0.0,0.0,46.0,3.0,3.0
0,Real Sociedad,8,2023-09-30,21:00:00,Home,Athletic Club,3,0,1.8,1.55,0.06588235294117646,0.0,18.0,3.0,2.0,0.0,539.0,16.0,7.0,9.0,1.7,1.5,33.0,0.0,316.0,32.0,291.0,7.0,2498.0,1.4,16.0,27.0,13.0,7.0,1.0,21.0,7.0,2.0,11.0,7.0,18.0,11.0,10.0,0.0,27.0,7.0,2.0,17.0,10.0,0.0,9.0,2.0,0.0,0.0,0.0,57.0,20.0,22.0
1,Athletic Club,8,2023-09-30,21:00:00,Away,Real Sociedad,0,3,1.4,1.46,0.2425,2.0,8.0,5.0,2.0,0.0,552.0,17.0,4.0,11.0,1.4,1.2,15.0,6.0,323.0,32.0,343.0,14.0,2376.0,0.4,5.0,25.0,7.0,1.0,1.0,16.0,5.0,2.0,9.0,7.0,18.0,11.0,12.0,1.0,15.0,7.0,5.0,20.0,9.0,0.0,20.0,2.0,0.0,0.0,0.0,64.0,22.0,20.0
0,Almería,8,2023-10-01,14:00:00,Home,Granada,3,3,2.9,2.93,0.1864705882352941,3.0,17.0,5.0,2.0,0.0,500.0,16.0,8.0,9.0,2.9,2.6,31.0,6.0,301.0,37.0,311.0,19.0,2472.0,0.7,15.0,22.0,11.0,4.0,0.0,23.0,1.0,0.0,13.0,9.0,25.0,16.0,13.0,0.0,24.0,6.0,4.0,17.0,4.0,0.0,18.0,0.0,0.0,2.0,0.0,56.0,17.0,14.0
1,Granada,8,2023-10-01,14:00:00,Away,Almería,3,3,2.9,2.76,0.16722222222222222,2.0,17.0,2.0,1.0,0.0,534.0,10.0,5.0,8.0,1.1,1.2000000000000002,33.0,6.0,330.0,34.0,335.0,17.0,2517.0,1.5,14.0,20.0,7.0,2.0,2.0,15.0,5.0,4.0,2.0,6.0,11.0,5.0,18.0,2.0,31.0,9.0,8.0,15.0,7.0,0.0,14.0,4.0,2.0,0.0,0.0,51.0,14.0,17.0
0,Alavés,8,2023-10-01,16:15:00,Home,Osasuna,0,2,1.1,1.47,0.0875,0.0,17.0,3.0,2.0,1.0,501.0,12.0,9.0,7.0,1.4000000000000001,1.4000000000000001,32.0,0.0,288.0,30.0,284.0,19.0,2239.0,1.0,13.0,25.0,9.0,4.0,1.0,26.0,4.0,5.0,10.0,5.0,13.0,8.0,18.0,0.0,20.0,5.0,4.0,11.0,1.0,0.0,13.0,5.0,0.0,0.0,0.0,55.0,23.0,18.0
1,Osasuna,8,2023-10-01,16:15:00,Away,Alavés,2,0,1.5,1.1199999999999999,0.146,2.0,10.0,3.0,3.0,0.0,568.0,6.0,3.0,12.0,1.0,0.9,19.0,4.0,368.0,30.0,325.0,23.0,2721.0,0.6000000000000001,9.0,30.0,6.0,3.0,2.0,13.0,2.0,1.0,4.0,5.0,15.0,10.0,27.0,1.0,11.0,5.0,3.0,12.0,7.0,0.0,13.0,1.0,0.0,0.0,0.0,53.0,18.0,23.0
0,Atlético Madrid,8,2023-10-01,21:00:00,Home,Cádiz,3,2,0.8,2.81,0.2283333333333333,2.0,18.0,9.0,1.0,0.0,863.0,17.0,3.0,7.0,2.7,2.5,34.0,5.0,658.0,67.0,610.0,36.0,3331.0,2.2,14.0,65.0,15.0,1.0,2.0,15.0,5.0,2.0,9.0,9.0,12.0,3.0,12.0,0.0,40.0,9.0,9.0,12.0,8.0,0.0,5.0,2.0,0.0,0.0,0.0,64.0,18.0,11.0
1,Cádiz,8,2023-10-01,21:00:00,Away,Atlético Madrid,2,3,2.7,0.81,0.1157142857142857,1.0,8.0,4.0,3.0,0.0,449.0,17.0,6.0,11.0,0.9,0.5,9.0,1.0,235.0,18.0,255.0,8.0,1684.0,0.1,3.0,20.0,3.0,2.0,0.0,17.0,3.0,0.0,9.0,9.0,18.0,9.0,23.0,0.0,9.0,9.0,1.0,18.0,8.0,0.0,10.0,0.0,0.0,0.0,0.0,62.0,11.0,18.0
0,Real Betis,8,2023-10-01,21:00:00,Home,Valencia,3,0,0.7,1.7200000000000002,0.09466666666666666,3.0,15.0,7.0,2.0,0.0,652.0,13.0,4.0,7.0,1.6,1.7,24.0,5.0,459.0,47.0,410.0,15.0,2984.0,1.4,14.0,31.0,9.0,0.0,2.0,16.0,5.0,5.0,10.0,7.0,13.0,6.0,22.0,1.0,30.0,9.0,6.0,18.0,10.0,0.0,11.0,5.0,0.0,0.0,0.0,59.0,13.0,11.0
1,Valencia,8,2023-10-01,21:00:00,Away,Real Betis,0,3,1.6,0.61,0.04625,0.0,9.0,2.0,2.0,0.0,536.0,19.0,5.0,8.0,0.7000000000000001,0.6,17.0,0.0,347.0,24.0,259.0,15.0,1973.0,0.2,7.0,23.0,1.0,1.0,2.0,13.0,3.0,2.0,11.0,9.0,20.0,11.0,17.0,0.0,11.0,7.0,3.0,18.0,6.0,0.0,10.0,2.0,0.0,0.0,0.0,52.0,11.0,13.0
0,Las Palmas,8,2023-10-02,20:00:00,Home,Celta Vigo,2,1,1.5,1.59,0.14545454545454548,1.0,11.0,3.0,1.0,0.0,423.0,18.0,13.0,13.0,1.4,1.3,19.0,2.0,193.0,14.0,221.0,10.0,1819.0,0.7,8.0,14.0,5.0,1.0,4.0,12.0,5.0,2.0,11.0,8.0,15.0,7.0,33.0,0.0,16.0,10.0,3.0,11.0,11.0,0.0,14.0,2.0,0.0,1.0,0.0,56.0,9.0,17.0
1,Celta Vigo,8,2023-10-02,20:00:00,Away,Las Palmas,1,2,1.7,1.44,0.09466666666666666,1.0,14.0,3.0,1.0,0.0,892.0,21.0,7.0,9.0,0.7000000000000001,0.7,27.0,3.0,684.0,62.0,595.0,30.0,3728.0,0.8,12.0,36.0,14.0,4.0,1.0,28.0,4.0,2.0,9.0,10.0,19.0,9.0,9.0,0.0,25.0,7.0,5.0,19.0,10.0,0.0,13.0,2.0,0.0,0.0,0.0,54.0,17.0,7.0
0,Athletic Club,9,2023-10-06,21:00:00,Home,Almería,3,0,0.1,0.11,0.0175,0.0,4.0,1.0,0.0,0.0,508.0,26.0,11.0,7.0,0.0,0.0,7.0,0.0,289.0,21.0,257.0,9.0,1745.0,0.0,3.0,14.0,1.0,0.0,0.0,8.0,2.0,2.0,15.0,11.0,25.0,14.0,20.0,1.0,4.0,9.0,1.0,22.0,10.0,0.0,7.0,2.0,0.0,0.0,0.0,68.0,8.0,15.0
1,Almería,9,2023-10-06,21:00:00,Away,Athletic Club,0,3,1.9,1.86,0.16727272727272727,2.0,23.0,9.0,2.0,0.0,675.0,19.0,7.0,10.0,1.9000000000000001,1.4,39.0,6.0,461.0,55.0,433.0,28.0,3280.0,1.4,20.0,38.0,9.0,4.0,1.0,27.0,6.0,0.0,13.0,9.0,24.0,15.0,11.0,0.0,46.0,11.0,14.0,18.0,15.0,0.0,11.0,0.0,0.0,0.0,0.0,73.0,15.0,8.0
0,Cádiz,9,2023-10-07,14:00:00,Home,Girona,0,1,1.2,0.24,0.054285714285714284,0.0,8.0,2.0,1.0,1.0,341.0,15.0,8.0,11.0,0.39999999999999997,0.30000000000000004,14.0,0.0,136.0,10.0,147.0,8.0,1696.0,0.6,6.0,10.0,5.0,3.0,0.0,21.0,5.0,0.0,8.0,4.0,14.0,10.0,21.0,0.0,20.0,6.0,0.0,11.0,9.0,0.0,12.0,0.0,0.0,0.0,0.0,48.0,16.0,15.0
1,Girona,9,2023-10-07,14:00:00,Away,Cádiz,1,0,0.4,1.23,0.0905,1.0,20.0,5.0,3.0,0.0,765.0,15.0,2.0,6.0,1.3,0.9000000000000001,39.0,2.0,571.0,72.0,497.0,39.0,3136.0,1.5,18.0,65.0,18.0,4.0,0.0,31.0,5.0,3.0,10.0,6.0,11.0,5.0,21.0,0.0,33.0,4.0,7.0,18.0,11.0,0.0,13.0,3.0,0.0,0.0,0.0,59.0,15.0,16.0
0,Real Madrid,9,2023-10-07,16:15:00,Home,Osasuna,4,0,0.5,0.47,0.045714285714285714,0.0,7.0,1.0,2.0,0.0,455.0,15.0,6.0,10.0,0.3,0.3,11.0,0.0,294.0,24.0,304.0,8.0,2031.0,0.4,4.0,25.0,8.0,4.0,0.0,14.0,4.0,1.0,7.0,10.0,18.0,8.0,20.0,1.0,13.0,3.0,2.0,7.0,11.0,0.0,6.0,1.0,0.0,1.0,0.0,34.0,5.0,5.0
1,Osasuna,9,2023-10-07,16:15:00,Away,Real Madrid,0,4,3.2,3.38,0.20166666666666666,4.0,18.0,8.0,2.0,0.0,846.0,14.0,9.0,10.0,2.6,2.3000000000000003,32.0,8.0,673.0,57.0,608.0,21.0,3525.0,1.7000000000000002,13.0,58.0,15.0,2.0,8.0,13.0,5.0,2.0,10.0,3.0,9.0,6.0,5.0,1.0,40.0,10.0,11.0,18.0,5.0,0.0,9.0,2.0,0.0,0.0,0.0,48.0,5.0,5.0
0,Mallorca,9,2023-10-07,18:30:00,Home,Valencia,1,1,0.5,0.56,0.215,1.0,9.0,5.0,2.0,0.0,620.0,26.0,7.0,12.0,0.6000000000000001,0.6,18.0,2.0,381.0,22.0,331.0,10.0,2974.0,0.7,9.0,29.0,8.0,2.0,2.0,14.0,3.0,4.0,15.0,12.0,29.0,17.0,13.0,0.0,22.0,7.0,3.0,24.0,8.0,0.0,17.0,4.0,0.0,0.0,0.0,65.0,19.0,16.0
1,Valencia,9,2023-10-07,18:30:00,Away,Mallorca,1,1,0.6,0.55,0.06454545454545454,1.0,11.0,3.0,1.0,0.0,644.0,15.0,14.0,8.0,0.5,0.4,21.0,2.0,398.0,43.0,370.0,16.0,2332.0,0.2,6.0,30.0,2.0,1.0,0.0,15.0,6.0,0.0,11.0,7.0,14.0,7.0,14.0,1.0,15.0,12.0,4.0,27.0,14.0,0.0,11.0,0.0,0.0,0.0,0.0,67.0,16.0,19.0
0,Sevilla,9,2023-10-07,21:00:00,Home,Rayo Vallecano,2,2,1.0,1.04,0.17714285714285713,1.0,7.0,4.0,2.0,0.0,432.0,12.0,5.0,11.0,1.1,0.7,12.0,4.0,184.0,18.0,190.0,2.0,1627.0,0.1,3.0,18.0,4.0,2.0,0.0,13.0,2.0,1.0,10.0,3.0,14.0,11.0,56.0,0.0,10.0,7.0,0.0,12.0,11.0,0.0,19.0,1.0,0.0,0.0,0.0,43.0,14.0,19.0
1,Rayo Vallecano,9,2023-10-07,21:00:00,Away,Sevilla,2,2,1.0,1.0,0.0419047619047619,2.0,22.0,6.0,4.0,0.0,628.0,18.0,6.0,10.0,1.0,0.9,38.0,4.0,389.0,66.0,294.0,23.0,2922.0,1.0,19.0,38.0,15.0,5.0,0.0,48.0,12.0,2.0,10.0,7.0,9.0,2.0,18.0,0.0,31.0,3.0,2.0,19.0,9.0,0.0,16.0,2.0,0.0,0.0,0.0,56.0,19.0,14.0
0,Villarreal,9,2023-10-08,14:00:00,Home,Las Palmas,1,2,1.1,1.07,0.23285714285714285,0.0,7.0,4.0,4.0,0.0,593.0,34.0,15.0,12.0,0.30000000000000004,0.1,15.0,3.0,398.0,26.0,261.0,21.0,2872.0,0.4,4.0,31.0,6.0,1.0,3.0,11.0,2.0,5.0,20.0,13.0,22.0,9.0,13.0,0.0,16.0,9.0,5.0,16.0,7.0,0.0,7.0,5.0,0.0,0.0,0.0,61.0,3.0,9.0
1,Las Palmas,9,2023-10-08,14:00:00,Away,Villarreal,2,1,1.0,0.99,0.05111111111111111,1.0,9.0,4.0,4.0,0.0,542.0,16.0,9.0,2.0,0.9,0.7,18.0,2.0,374.0,42.0,365.0,18.0,2840.0,0.6000000000000001,7.0,35.0,7.0,4.0,4.0,19.0,7.0,4.0,12.0,9.0,21.0,12.0,10.0,0.0,20.0,13.0,8.0,6.0,21.0,0.0,17.0,4.0,0.0,1.0,0.0,56.0,9.0,3.0
0,Atlético Madrid,9,2023-10-08,16:15:00,Home,Real Sociedad,2,1,1.2,2.36,0.12285714285714286,1.0,13.0,4.0,3.0,0.0,471.0,14.0,7.0,13.0,1.6,1.3,23.0,3.0,270.0,19.0,267.0,6.0,1810.0,0.7999999999999999,9.0,13.0,6.0,0.0,2.0,5.0,1.0,0.0,7.0,6.0,14.0,8.0,28.0,0.0,19.0,4.0,1.0,8.0,14.0,0.0,9.0,0.0,0.0,0.0,0.0,50.0,21.0,11.0
1,Real Sociedad,9,2023-10-08,16:15:00,Away,Atlético Madrid,1,2,2.2,1.1800000000000002,0.07833333333333334,1.0,13.0,4.0,3.0,0.0,713.0,18.0,5.0,15.0,1.1,1.0,23.0,2.0,513.0,48.0,518.0,22.0,2866.0,0.5,8.0,51.0,4.0,1.0,1.0,18.0,4.0,2.0,11.0,4.0,13.0,9.0,11.0,0.0,12.0,6.0,1.0,22.0,8.0,0.0,12.0,2.0,0.0,1.0,0.0,57.0,11.0,21.0
0,Alavés,9,2023-10-08,18:30:00,Home,Real Betis,1,1,0.9,1.33,0.10714285714285714,0.0,15.0,5.0,3.0,0.0,492.0,11.0,11.0,13.0,1.4,0.9,30.0,0.0,285.0,39.0,251.0,18.0,2159.0,0.7,11.0,27.0,11.0,5.0,2.0,23.0,5.0,1.0,6.0,7.0,20.0,13.0,17.0,0.0,19.0,5.0,4.0,14.0,5.0,0.0,13.0,1.0,0.0,0.0,0.0,59.0,10.0,5.0
1,Real Betis,9,2023-10-08,18:30:00,Away,Alavés,1,1,1.3,0.9500000000000001,0.17,0.0,6.0,2.0,3.0,1.0,696.0,10.0,8.0,10.0,0.8,0.1,11.0,1.0,486.0,35.0,403.0,17.0,2780.0,0.7000000000000001,5.0,31.0,7.0,1.0,1.0,15.0,3.0,1.0,9.0,5.0,18.0,13.0,12.0,0.0,22.0,7.0,5.0,26.0,4.0,0.0,9.0,1.0,0.0,0.0,1.0,58.0,5.0,10.0
0,Celta Vigo,9,2023-10-08,18:30:00,Home,Getafe,2,2,0.7,3.24,0.19,1.0,25.0,10.0,1.0,0.0,743.0,9.0,6.0,7.0,2.4,1.5,49.0,3.0,540.0,58.0,502.0,31.0,3068.0,1.5,17.0,58.0,10.0,3.0,2.0,33.0,13.0,3.0,8.0,3.0,7.0,4.0,7.0,0.0,32.0,8.0,6.0,16.0,8.0,0.0,14.0,3.0,1.0,0.0,0.0,57.0,22.0,9.0
1,Getafe,9,2023-10-08,18:30:00,Away,Celta Vigo,2,2,3.1,0.7,0.39666666666666667,2.0,3.0,2.0,8.0,1.0,356.0,16.0,13.0,13.0,0.7,0.7000000000000001,5.0,3.0,124.0,12.0,113.0,3.0,1125.0,0.6,3.0,11.0,4.0,1.0,0.0,7.0,1.0,2.0,9.0,8.0,17.0,9.0,42.0,0.0,15.0,3.0,2.0,6.0,6.0,1.0,20.0,2.0,0.0,1.0,0.0,44.0,9.0,22.0
0,Granada,9,2023-10-08,21:00:00,Home,Barcelona,2,2,3.0,3.2399999999999998,0.1733333333333333,1.0,22.0,10.0,1.0,0.0,928.0,22.0,3.0,11.0,3.1,1.7,39.0,3.0,725.0,51.0,581.0,44.0,3007.0,2.3,14.0,81.0,9.0,3.0,3.0,28.0,11.0,4.0,13.0,12.0,19.0,7.0,5.0,1.0,33.0,6.0,6.0,21.0,10.0,0.0,7.0,4.0,0.0,0.0,0.0,68.0,12.0,5.0
1,Barcelona,9,2023-10-08,21:00:00,Away,Granada,2,2,0.8,0.81,0.12999999999999998,2.0,7.0,2.0,4.0,0.0,339.0,16.0,7.0,16.0,0.7,0.7000000000000001,12.0,4.0,131.0,11.0,146.0,9.0,1394.0,0.1,4.0,7.0,2.0,0.0,0.0,6.0,1.0,2.0,9.0,6.0,19.0,13.0,34.0,0.0,10.0,12.0,3.0,16.0,10.0,0.0,12.0,2.0,0.0,0.0,0.0,49.0,5.0,12.0
0,Osasuna,10,2023-10-20,21:00:00,Home,Granada,2,0,0.6,0.65,0.036153846153846154,0.0,13.0,3.0,4.0,1.0,531.0,17.0,6.0,13.0,0.6000000000000001,0.6000000000000001,24.0,0.0,294.0,25.0,278.0,11.0,2108.0,0.8,10.0,16.0,9.0,3.0,1.0,19.0,7.0,1.0,8.0,10.0,16.0,6.0,33.0,0.0,24.0,5.0,4.0,15.0,2.0,0.0,13.0,1.0,0.0,1.0,0.0,54.0,11.0,18.0
1,Granada,10,2023-10-20,21:00:00,Away,Osasuna,0,2,2.1,1.88,0.19727272727272727,1.0,11.0,5.0,3.0,0.0,667.0,7.0,7.0,15.0,1.5,0.8999999999999999,21.0,4.0,432.0,49.0,360.0,13.0,3013.0,1.0,8.0,31.0,16.0,2.0,4.0,18.0,1.0,3.0,5.0,5.0,13.0,8.0,18.0,0.0,25.0,10.0,2.0,14.0,7.0,0.0,19.0,3.0,1.0,0.0,0.0,65.0,18.0,11.0
0,Real Sociedad,10,2023-10-21,14:00:00,Home,Mallorca,1,0,1.9,1.79,0.07,0.0,18.0,6.0,3.0,0.0,453.0,27.0,7.0,8.0,2.1,0.9,28.0,0.0,225.0,16.0,210.0,9.0,2027.0,0.4,11.0,14.0,5.0,2.0,1.0,20.0,5.0,5.0,10.0,16.0,20.0,4.0,18.0,0.0,19.0,1.0,3.0,12.0,11.0,0.0,16.0,5.0,0.0,0.0,0.0,55.0,25.0,30.0
1,Mallorca,10,2023-10-21,14:00:00,Away,Real Sociedad,0,1,1.3,1.35,0.21714285714285714,1.0,14.0,6.0,3.0,0.0,569.0,12.0,6.0,7.0,1.5,1.2,27.0,2.0,330.0,31.0,255.0,14.0,2283.0,1.2,10.0,21.0,11.0,4.0,1.0,11.0,2.0,1.0,10.0,1.0,6.0,5.0,25.0,0.0,22.0,16.0,4.0,18.0,11.0,0.0,14.0,1.0,0.0,0.0,0.0,56.0,30.0,25.0
0,Getafe,10,2023-10-21,16:15:00,Home,Real Betis,1,1,1.1,0.97,0.09166666666666667,1.0,13.0,3.0,2.0,0.0,576.0,17.0,11.0,10.0,1.1,0.9,21.0,2.0,357.0,60.0,297.0,19.0,3016.0,0.7,10.0,28.0,14.0,0.0,7.0,17.0,8.0,1.0,10.0,7.0,20.0,13.0,14.0,0.0,28.0,11.0,9.0,27.0,13.0,0.0,11.0,1.0,0.0,0.0,0.0,68.0,16.0,11.0
1,Real Betis,10,2023-10-21,16:15:00,Away,Getafe,1,1,1.5,1.53,0.09923076923076923,1.0,13.0,3.0,5.0,0.0,512.0,24.0,9.0,13.0,1.6,1.1,21.0,2.0,275.0,28.0,265.0,12.0,2450.0,0.7,10.0,24.0,4.0,2.0,2.0,18.0,4.0,2.0,15.0,11.0,23.0,12.0,20.0,0.0,18.0,7.0,4.0,10.0,10.0,0.0,17.0,2.0,0.0,0.0,0.0,55.0,13.0,18.0
0,Sevilla,10,2023-10-21,18:30:00,Home,Real Madrid,1,1,1.6,1.63,0.06769230769230769,1.0,14.0,4.0,2.0,0.0,634.0,11.0,4.0,12.0,1.7,1.6,28.0,2.0,469.0,30.0,421.0,16.0,2900.0,0.9999999999999999,11.0,27.0,5.0,1.0,3.0,16.0,6.0,1.0,8.0,7.0,18.0,11.0,20.0,1.0,17.0,9.0,7.0,12.0,7.0,0.0,6.0,1.0,0.0,0.0,1.0,33.0,8.0,11.0
1,Real Madrid,10,2023-10-21,18:30:00,Away,Sevilla,1,1,1.5,1.54,0.061764705882352944,0.0,17.0,6.0,5.0,0.0,610.0,16.0,5.0,9.0,1.5,1.4,29.0,0.0,445.0,39.0,446.0,18.0,2516.0,1.0,14.0,30.0,10.0,6.0,1.0,26.0,4.0,1.0,8.0,9.0,12.0,3.0,12.0,0.0,16.0,7.0,5.0,17.0,4.0,0.0,13.0,1.0,0.0,0.0,0.0,42.0,11.0,8.0
0,Celta Vigo,10,2023-10-21,21:00:00,Home,Atlético Madrid,0,3,1.8,1.6900000000000002,0.1918181818181818,1.0,11.0,6.0,2.0,0.0,912.0,15.0,9.0,9.0,0.9,0.8,21.0,4.0,723.0,53.0,589.0,21.0,3529.0,1.2,10.0,42.0,10.0,1.0,0.0,12.0,5.0,6.0,9.0,7.0,17.0,10.0,30.0,0.0,30.0,5.0,8.0,11.0,5.0,0.0,10.0,6.0,1.0,0.0,0.0,50.0,2.0,3.0
1,Atlético Madrid,10,2023-10-21,21:00:00,Away,Celta Vigo,3,0,0.9,0.92,0.059375,0.0,16.0,3.0,3.0,1.0,548.0,10.0,6.0,9.0,0.9,0.9,26.0,0.0,375.0,37.0,241.0,29.0,2307.0,0.8,13.0,29.0,9.0,3.0,0.0,27.0,7.0,0.0,6.0,5.0,14.0,9.0,14.0,0.0,22.0,7.0,5.0,13.0,8.0,0.0,10.0,0.0,0.0,1.0,0.0,50.0,3.0,2.0
0,Las Palmas,10,2023-10-22,13:00:00,Home,Rayo Vallecano,0,1,1.4,1.33,0.17833333333333334,0.0,11.0,5.0,4.0,0.0,716.0,15.0,6.0,4.0,0.4,0.4,23.0,0.0,493.0,49.0,462.0,24.0,3051.0,0.9,9.0,29.0,13.0,2.0,0.0,23.0,10.0,2.0,12.0,8.0,17.0,9.0,13.0,0.0,31.0,6.0,1.0,25.0,13.0,0.0,13.0,2.0,0.0,1.0,0.0,66.0,16.0,14.0
1,Rayo Vallecano,10,2023-10-22,13:00:00,Away,Las Palmas,1,0,1.3,0.56,0.01909090909090909,0.0,11.0,3.0,3.0,1.0,547.0,19.0,12.0,14.0,0.6,0.4,19.0,2.0,296.0,30.0,269.0,13.0,2091.0,0.2,5.0,16.0,3.0,1.0,1.0,14.0,5.0,2.0,6.0,6.0,15.0,9.0,36.0,0.0,11.0,8.0,1.0,18.0,7.0,1.0,11.0,2.0,1.0,1.0,0.0,65.0,14.0,16.0
0,Girona,10,2023-10-22,16:15:00,Home,Almería,5,2,1.0,1.07,0.18333333333333332,1.0,9.0,5.0,2.0,0.0,419.0,9.0,8.0,8.0,0.9,0.0,9.0,3.0,243.0,17.0,193.0,8.0,2102.0,0.0,3.0,16.0,3.0,1.0,0.0,17.0,6.0,1.0,5.0,4.0,9.0,5.0,22.0,0.0,13.0,4.0,3.0,9.0,11.0,0.0,14.0,1.0,0.0,0.0,0.0,42.0,12.0,9.0
1,Almería,10,2023-10-22,16:15:00,Away,Girona,2,5,1.9,1.8699999999999999,0.18888888888888888,5.0,19.0,8.0,1.0,0.0,761.0,15.0,4.0,8.0,1.9,1.8,37.0,9.0,578.0,52.0,483.0,22.0,3473.0,1.6,17.0,47.0,7.0,3.0,4.0,25.0,9.0,3.0,11.0,4.0,5.0,1.0,15.0,0.0,27.0,4.0,10.0,14.0,5.0,0.0,11.0,3.0,0.0,0.0,0.0,51.0,9.0,12.0
0,Villarreal,10,2023-10-22,18:30:00,Home,Alavés,1,1,1.7,1.6700000000000002,0.11,1.0,16.0,7.0,3.0,0.0,416.0,26.0,9.0,8.0,1.6,1.0,24.0,2.0,200.0,28.0,161.0,15.0,1649.0,0.8,10.0,15.0,7.0,1.0,2.0,15.0,3.0,1.0,19.0,12.0,18.0,6.0,26.0,0.0,17.0,4.0,4.0,15.0,6.0,0.0,10.0,1.0,0.0,1.0,0.0,49.0,7.0,17.0
1,Alavés,10,2023-10-22,18:30:00,Away,Villarreal,1,1,1.5,1.53,0.09818181818181819,0.0,11.0,2.0,4.0,0.0,734.0,10.0,7.0,10.0,0.7,0.5,21.0,1.0,540.0,53.0,407.0,27.0,3299.0,1.2,8.0,46.0,12.0,5.0,1.0,29.0,9.0,2.0,7.0,4.0,10.0,6.0,17.0,2.0,27.0,12.0,8.0,15.0,14.0,0.0,15.0,2.0,0.0,0.0,0.0,42.0,17.0,7.0
0,Barcelona,10,2023-10-22,21:00:00,Home,Athletic Club,1,0,0.4,0.44,0.03,0.0,10.0,3.0,3.0,0.0,456.0,10.0,5.0,9.0,0.30000000000000004,0.4,16.0,0.0,260.0,37.0,190.0,17.0,2134.0,0.7,9.0,24.0,8.0,3.0,2.0,21.0,7.0,4.0,7.0,6.0,14.0,8.0,16.0,0.0,23.0,8.0,3.0,17.0,7.0,0.0,18.0,4.0,0.0,0.0,0.0,51.0,10.0,3.0
1,Athletic Club,10,2023-10-22,21:00:00,Away,Barcelona,0,1,1.3,1.33,0.16363636363636364,1.0,12.0,7.0,3.0,0.0,682.0,15.0,8.0,9.0,1.4000000000000001,0.8,22.0,2.0,484.0,35.0,427.0,17.0,3046.0,0.5,11.0,28.0,8.0,2.0,3.0,13.0,4.0,4.0,9.0,8.0,16.0,8.0,12.0,0.0,19.0,6.0,6.0,22.0,4.0,0.0,11.0,4.0,0.0,0.0,0.0,50.0,3.0,10.0
0,Valencia,10,2023-10-23,21:00:00,Home,Cádiz,2,0,0.6,0.32,0.265,0.0,5.0,4.0,3.0,1.0,451.0,14.0,7.0,10.0,0.7,0.7,9.0,0.0,278.0,22.0,236.0,18.0,2457.0,0.30000000000000004,5.0,25.0,4.0,1.0,2.0,23.0,5.0,2.0,6.0,7.0,14.0,7.0,14.0,0.0,11.0,3.0,2.0,13.0,10.0,0.0,16.0,2.0,0.0,0.0,0.0,50.0,14.0,12.0
1,Cádiz,10,2023-10-23,21:00:00,Away,Valencia,0,2,1.5,1.65,0.18916666666666668,1.0,12.0,4.0,0.0,0.0,672.0,13.0,7.0,7.0,1.5,0.5,22.0,3.0,507.0,40.0,424.0,26.0,3126.0,0.5,9.0,37.0,6.0,2.0,1.0,14.0,4.0,4.0,6.0,3.0,9.0,6.0,16.0,2.0,20.0,7.0,7.0,10.0,7.0,0.0,16.0,4.0,0.0,0.0,0.0,53.0,12.0,14.0
0,Girona,11,2023-10-27,21:00:00,Home,Celta Vigo,1,0,0.2,0.2,0.0175,0.0,4.0,2.0,2.0,0.0,441.0,15.0,13.0,7.0,0.2,0.2,8.0,0.0,251.0,18.0,272.0,9.0,1923.0,0.1,4.0,19.0,4.0,0.0,1.0,11.0,1.0,0.0,8.0,6.0,12.0,6.0,27.0,0.0,13.0,4.0,5.0,11.0,7.0,0.0,12.0,0.0,0.0,0.0,0.0,50.0,15.0,15.0
1,Celta Vigo,11,2023-10-27,21:00:00,Away,Girona,0,1,0.6,0.6,0.0018181818181818182,1.0,12.0,2.0,3.0,0.0,742.0,11.0,3.0,8.0,0.6000000000000001,0.6000000000000001,22.0,2.0,552.0,56.0,512.0,24.0,2826.0,0.7,10.0,36.0,8.0,4.0,0.0,32.0,10.0,0.0,7.0,4.0,8.0,4.0,15.0,0.0,27.0,6.0,5.0,19.0,9.0,0.0,15.0,0.0,0.0,0.0,0.0,56.0,15.0,15.0
0,Almería,11,2023-10-28,14:00:00,Home,Las Palmas,1,2,0.9,0.29,0.05900000000000001,1.0,10.0,4.0,3.0,0.0,546.0,12.0,4.0,10.0,0.2,0.2,14.0,2.0,308.0,26.0,244.0,11.0,2382.0,0.1,6.0,26.0,4.0,1.0,1.0,21.0,3.0,6.0,8.0,4.0,10.0,6.0,18.0,1.0,15.0,9.0,4.0,25.0,9.0,0.0,13.0,6.0,0.0,0.0,0.0,52.0,17.0,18.0
1,Las Palmas,11,2023-10-28,14:00:00,Away,Almería,2,1,0.3,0.83,0.11222222222222222,1.0,10.0,3.0,1.0,0.0,743.0,18.0,7.0,13.0,0.9,0.8,18.0,4.0,507.0,54.0,347.0,18.0,3549.0,0.7000000000000001,8.0,40.0,6.0,2.0,3.0,20.0,2.0,1.0,14.0,9.0,14.0,5.0,32.0,0.0,15.0,4.0,5.0,19.0,8.0,0.0,19.0,1.0,0.0,0.0,0.0,59.0,18.0,17.0
0,Barcelona,11,2023-10-28,16:15:00,Home,Real Madrid,1,2,1.1,1.4000000000000001,0.05142857142857143,0.0,15.0,3.0,2.0,0.0,686.0,21.0,5.0,11.0,1.4,0.7,24.0,0.0,503.0,29.0,443.0,18.0,2673.0,0.5,9.0,25.0,5.0,1.0,3.0,14.0,6.0,1.0,12.0,10.0,16.0,6.0,12.0,0.0,13.0,3.0,1.0,14.0,11.0,0.0,15.0,1.0,0.0,0.0,0.0,44.0,6.0,13.0
1,Real Madrid,11,2023-10-28,16:15:00,Away,Barcelona,2,1,1.5,1.07,0.10153846153846155,1.0,13.0,4.0,1.0,0.0,645.0,14.0,12.0,16.0,1.1,0.8,26.0,4.0,469.0,35.0,396.0,10.0,2285.0,0.7,11.0,34.0,8.0,1.0,4.0,10.0,3.0,0.0,11.0,3.0,9.0,6.0,17.0,0.0,17.0,10.0,5.0,11.0,11.0,0.0,15.0,0.0,0.0,0.0,0.0,46.0,13.0,6.0
0,Mallorca,11,2023-10-28,18:30:00,Home,Getafe,0,0,0.2,0.23,0.0,0.0,8.0,0.0,1.0,0.0,417.0,12.0,6.0,9.0,0.1,0.0,15.0,0.0,174.0,27.0,187.0,5.0,1917.0,0.4,4.0,25.0,2.0,2.0,0.0,14.0,3.0,1.0,6.0,9.0,15.0,6.0,36.0,0.0,8.0,4.0,2.0,12.0,2.0,0.0,25.0,1.0,0.0,0.0,0.0,45.0,26.0,29.0
1,Getafe,11,2023-10-28,18:30:00,Away,Mallorca,0,0,0.9,0.91,0.047142857142857146,0.0,15.0,4.0,0.0,0.0,557.0,6.0,9.0,9.0,0.9,0.7,26.0,0.0,306.0,38.0,274.0,14.0,2875.0,0.8,12.0,33.0,9.0,3.0,3.0,31.0,7.0,7.0,3.0,4.0,8.0,4.0,25.0,0.0,35.0,9.0,7.0,15.0,3.0,0.0,10.0,7.0,0.0,0.0,0.0,46.0,29.0,26.0
0,Cádiz,11,2023-10-28,21:00:00,Home,Sevilla,2,2,1.2,1.1,0.11099999999999999,2.0,10.0,5.0,5.0,0.0,448.0,32.0,7.0,15.0,1.1,0.9999999999999999,17.0,3.0,204.0,17.0,172.0,10.0,1954.0,0.6000000000000001,7.0,17.0,5.0,3.0,1.0,13.0,2.0,3.0,19.0,16.0,31.0,15.0,22.0,0.0,18.0,2.0,4.0,16.0,13.0,0.0,17.0,3.0,0.0,0.0,0.0,66.0,10.0,17.0
1,Sevilla,11,2023-10-28,21:00:00,Away,Cádiz,2,2,1.1,1.11,0.09473684210526316,1.0,20.0,10.0,4.0,0.0,720.0,15.0,7.0,6.0,1.1,1.0,35.0,3.0,492.0,59.0,446.0,26.0,3002.0,1.2000000000000002,14.0,34.0,11.0,6.0,0.0,31.0,4.0,4.0,7.0,2.0,8.0,6.0,15.0,0.0,28.0,16.0,7.0,22.0,16.0,0.0,14.0,4.0,0.0,0.0,0.0,64.0,17.0,10.0
0,Real Betis,11,2023-10-29,14:00:00,Home,Osasuna,2,1,0.4,1.22,0.1125,1.0,9.0,2.0,3.0,0.0,599.0,9.0,7.0,11.0,1.1,1.1,14.0,4.0,381.0,34.0,366.0,20.0,2559.0,1.1,5.0,32.0,4.0,2.0,0.0,22.0,6.0,1.0,9.0,1.0,6.0,5.0,22.0,0.0,16.0,7.0,2.0,18.0,24.0,0.0,10.0,1.0,0.0,0.0,0.0,61.0,19.0,14.0
1,Osasuna,11,2023-10-29,14:00:00,Away,Real Betis,1,2,1.2,0.4,0.049999999999999996,1.0,7.0,1.0,4.0,0.0,586.0,31.0,10.0,10.0,0.4,0.30000000000000004,12.0,2.0,354.0,34.0,312.0,11.0,2205.0,0.30000000000000004,6.0,24.0,3.0,0.0,1.0,16.0,3.0,1.0,15.0,7.0,22.0,15.0,20.0,1.0,11.0,1.0,2.0,13.0,8.0,0.0,25.0,1.0,0.0,0.0,0.0,72.0,14.0,19.0
0,Rayo Vallecano,11,2023-10-29,16:15:00,Home,Real Sociedad,2,2,2.0,1.04,0.12375,1.0,16.0,7.0,3.0,0.0,612.0,10.0,12.0,14.0,0.9,0.30000000000000004,28.0,3.0,383.0,43.0,375.0,10.0,2673.0,0.9,8.0,27.0,7.0,2.0,1.0,18.0,4.0,2.0,8.0,3.0,13.0,10.0,17.0,0.0,16.0,11.0,0.0,22.0,8.0,0.0,17.0,2.0,0.0,1.0,0.0,53.0,17.0,20.0
1,Real Sociedad,11,2023-10-29,16:15:00,Away,Rayo Vallecano,2,2,1.0,1.9200000000000002,0.16214285714285714,1.0,14.0,2.0,2.0,0.0,518.0,19.0,11.0,11.0,1.2,1.0,25.0,3.0,279.0,24.0,265.0,22.0,1938.0,0.5,11.0,15.0,5.0,3.0,0.0,14.0,5.0,3.0,12.0,11.0,20.0,9.0,21.0,1.0,17.0,3.0,5.0,20.0,7.0,0.0,16.0,3.0,0.0,0.0,0.0,56.0,20.0,17.0
0,Athletic Club,11,2023-10-29,18:30:00,Home,Valencia,2,2,1.9,1.21,0.09181818181818181,2.0,12.0,7.0,3.0,0.0,685.0,21.0,6.0,14.0,1.8,1.8,23.0,4.0,446.0,44.0,404.0,30.0,3206.0,1.3,11.0,38.0,13.0,8.0,2.0,29.0,10.0,3.0,16.0,12.0,24.0,12.0,13.0,0.0,19.0,15.0,5.0,14.0,17.0,0.0,11.0,3.0,0.0,0.0,0.0,72.0,22.0,16.0
1,Valencia,11,2023-10-29,18:30:00,Away,Athletic Club,2,2,1.9,1.8599999999999999,0.2127272727272727,2.0,11.0,4.0,1.0,0.0,559.0,32.0,14.0,4.0,1.7999999999999998,1.7,21.0,4.0,303.0,29.0,267.0,18.0,2411.0,1.5,10.0,23.0,8.0,1.0,1.0,11.0,4.0,2.0,22.0,15.0,24.0,9.0,27.0,0.0,23.0,12.0,5.0,14.0,9.0,0.0,9.0,2.0,0.0,0.0,0.0,64.0,16.0,22.0
0,Atlético Madrid,11,2023-10-29,21:00:00,Home,Alavés,2,1,0.5,0.39,0.0,1.0,8.0,1.0,2.0,0.0,546.0,11.0,6.0,7.0,0.4,0.30000000000000004,13.0,2.0,352.0,48.0,340.0,13.0,2285.0,0.30000000000000004,4.0,37.0,4.0,1.0,0.0,27.0,4.0,1.0,6.0,7.0,12.0,5.0,18.0,0.0,13.0,8.0,3.0,13.0,6.0,0.0,11.0,1.0,0.0,0.0,0.0,52.0,6.0,11.0
1,Alavés,11,2023-10-29,21:00:00,Away,Atlético Madrid,1,2,1.3,1.28,0.1863636363636364,2.0,11.0,7.0,3.0,0.0,884.0,14.0,1.0,13.0,1.3,1.2000000000000002,22.0,4.0,682.0,43.0,620.0,22.0,3279.0,1.5,10.0,37.0,12.0,2.0,6.0,16.0,4.0,5.0,10.0,8.0,13.0,5.0,26.0,0.0,26.0,7.0,4.0,16.0,4.0,0.0,10.0,5.0,0.0,0.0,0.0,61.0,11.0,6.0
0,Granada,11,2023-10-30,21:00:00,Home,Villarreal,2,3,1.6,2.0700000000000003,0.0838888888888889,2.0,18.0,8.0,0.0,0.0,563.0,24.0,4.0,10.0,2.1,1.9000000000000001,32.0,4.0,355.0,31.0,376.0,26.0,2248.0,1.9000000000000001,15.0,24.0,15.0,12.0,4.0,28.0,4.0,0.0,17.0,17.0,28.0,11.0,7.0,1.0,39.0,7.0,7.0,21.0,4.0,0.0,14.0,0.0,0.0,1.0,0.0,58.0,12.0,10.0
1,Villarreal,11,2023-10-30,21:00:00,Away,Granada,3,2,2.1,1.24,0.384,2.0,5.0,4.0,4.0,0.0,645.0,11.0,10.0,6.0,0.7,0.6,11.0,6.0,450.0,25.0,311.0,10.0,2653.0,0.8,4.0,24.0,3.0,0.0,3.0,8.0,1.0,4.0,6.0,7.0,22.0,15.0,33.0,1.0,13.0,17.0,4.0,14.0,7.0,0.0,15.0,4.0,1.0,0.0,0.0,56.0,10.0,12.0
0,Las Palmas,12,2023-11-03,20:00:00,Home,Atlético Madrid,2,1,1.2,1.11,0.085,1.0,13.0,5.0,3.0,0.0,633.0,23.0,4.0,15.0,1.2,0.8,24.0,2.0,415.0,42.0,378.0,16.0,2351.0,0.7000000000000001,8.0,30.0,6.0,1.0,6.0,17.0,4.0,3.0,17.0,15.0,27.0,12.0,17.0,0.0,19.0,4.0,6.0,10.0,9.0,0.0,9.0,3.0,0.0,0.0,0.0,49.0,16.0,5.0
1,Atlético Madrid,12,2023-11-03,20:00:00,Away,Las Palmas,1,2,0.4,0.4,0.035555555555555556,2.0,9.0,3.0,0.0,0.0,716.0,13.0,12.0,20.0,0.4,0.2,18.0,4.0,488.0,49.0,378.0,14.0,2698.0,0.2,7.0,44.0,8.0,1.0,1.0,12.0,3.0,1.0,7.0,4.0,19.0,15.0,29.0,0.0,21.0,15.0,2.0,12.0,8.0,0.0,12.0,1.0,0.0,0.0,0.0,55.0,5.0,16.0
0,Osasuna,12,2023-11-04,14:00:00,Home,Girona,2,4,2.2,2.2199999999999998,0.28545454545454546,3.0,11.0,4.0,3.0,0.0,582.0,6.0,9.0,14.0,2.2,1.6,21.0,7.0,391.0,42.0,345.0,19.0,2668.0,0.7000000000000001,8.0,40.0,10.0,4.0,0.0,24.0,7.0,5.0,3.0,1.0,12.0,11.0,20.0,0.0,21.0,7.0,3.0,18.0,7.0,0.0,10.0,5.0,0.0,0.0,0.0,51.0,14.0,10.0
1,Girona,12,2023-11-04,14:00:00,Away,Osasuna,4,2,1.4,1.43,0.11357142857142856,1.0,15.0,3.0,4.0,0.0,565.0,14.0,7.0,3.0,1.4,0.8,25.0,3.0,381.0,38.0,352.0,15.0,2601.0,1.4000000000000001,9.0,27.0,14.0,7.0,0.0,19.0,2.0,0.0,11.0,7.0,11.0,4.0,17.0,0.0,28.0,1.0,5.0,14.0,5.0,0.0,14.0,0.0,0.0,0.0,0.0,38.0,10.0,14.0
0,Real Betis,12,2023-11-04,16:15:00,Home,Mallorca,2,0,0.6,2.1,0.05380952380952381,2.0,22.0,3.0,1.0,0.0,637.0,13.0,6.0,8.0,2.2,1.5999999999999999,40.0,4.0,445.0,40.0,461.0,37.0,2537.0,1.8,17.0,33.0,10.0,2.0,0.0,16.0,6.0,2.0,9.0,6.0,9.0,3.0,20.0,0.0,38.0,15.0,11.0,13.0,6.0,0.0,13.0,2.0,0.0,0.0,0.0,57.0,14.0,19.0
1,Mallorca,12,2023-11-04,16:15:00,Away,Real Betis,0,2,2.2,0.62,0.00375,0.0,8.0,1.0,4.0,1.0,490.0,21.0,5.0,11.0,0.6,0.6,11.0,0.0,302.0,18.0,224.0,11.0,2542.0,0.6000000000000001,5.0,18.0,2.0,1.0,0.0,17.0,1.0,2.0,13.0,15.0,26.0,11.0,13.0,1.0,9.0,6.0,1.0,15.0,7.0,1.0,16.0,2.0,0.0,0.0,0.0,47.0,19.0,14.0
0,Celta Vigo,12,2023-11-04,18:30:00,Home,Sevilla,1,1,0.9,2.1100000000000003,0.01933333333333333,1.0,15.0,3.0,2.0,1.0,516.0,11.0,5.0,14.0,2.1,1.1,27.0,2.0,287.0,25.0,236.0,12.0,2546.0,1.0,10.0,16.0,7.0,4.0,1.0,17.0,4.0,1.0,7.0,3.0,14.0,11.0,40.0,1.0,23.0,5.0,3.0,12.0,7.0,1.0,14.0,1.0,0.0,0.0,0.0,39.0,14.0,16.0
1,Sevilla,12,2023-11-04,18:30:00,Away,Celta Vigo,1,1,2.1,0.71,0.1175,0.0,13.0,5.0,5.0,0.0,710.0,12.0,7.0,16.0,0.9,0.7000000000000001,26.0,2.0,485.0,43.0,307.0,21.0,2715.0,1.1,11.0,45.0,11.0,9.0,0.0,42.0,6.0,1.0,3.0,5.0,12.0,7.0,19.0,0.0,25.0,3.0,2.0,13.0,8.0,0.0,10.0,1.0,0.0,0.0,0.0,42.0,16.0,14.0
0,Real Sociedad,12,2023-11-04,21:00:00,Home,Barcelona,0,1,1.2,0.89,0.028181818181818183,1.0,12.0,4.0,3.0,0.0,542.0,16.0,6.0,11.0,1.2000000000000002,1.1,20.0,2.0,354.0,31.0,248.0,13.0,2239.0,0.8,9.0,18.0,7.0,1.0,0.0,8.0,3.0,1.0,13.0,6.0,17.0,11.0,26.0,1.0,16.0,10.0,4.0,27.0,10.0,0.0,8.0,1.0,0.0,0.0,0.0,45.0,14.0,13.0
1,Barcelona,12,2023-11-04,21:00:00,Away,Real Sociedad,1,0,0.9,0.96,0.16692307692307692,0.0,13.0,6.0,3.0,0.0,543.0,20.0,4.0,8.0,0.8,0.39999999999999997,17.0,0.0,351.0,35.0,315.0,23.0,2367.0,1.1,8.0,27.0,4.0,1.0,1.0,20.0,8.0,2.0,11.0,10.0,25.0,15.0,11.0,0.0,27.0,6.0,9.0,21.0,10.0,0.0,16.0,2.0,0.0,0.0,0.0,52.0,13.0,14.0
0,Alavés,12,2023-11-05,14:00:00,Home,Almería,1,0,0.5,2.42,0.045909090909090906,0.0,22.0,3.0,2.0,0.0,514.0,14.0,11.0,9.0,1.7,1.3,41.0,1.0,296.0,46.0,288.0,23.0,2306.0,2.0,18.0,33.0,16.0,5.0,0.0,32.0,12.0,1.0,12.0,9.0,13.0,4.0,17.0,0.0,43.0,4.0,6.0,10.0,16.0,0.0,13.0,1.0,1.0,0.0,0.0,48.0,11.0,17.0
1,Almería,12,2023-11-05,14:00:00,Away,Alavés,0,1,2.4,0.48000000000000004,0.05333333333333333,0.0,9.0,3.0,3.0,0.0,431.0,20.0,8.0,13.0,0.5,0.30000000000000004,11.0,0.0,213.0,17.0,209.0,12.0,1869.0,0.30000000000000004,6.0,18.0,4.0,2.0,0.0,14.0,6.0,1.0,9.0,4.0,8.0,4.0,38.0,0.0,9.0,9.0,1.0,6.0,5.0,0.0,14.0,1.0,0.0,1.0,0.0,32.0,17.0,11.0
0,Valencia,12,2023-11-05,16:15:00,Home,Granada,1,0,0.5,0.19,0.004,0.0,6.0,1.0,5.0,0.0,543.0,15.0,11.0,10.0,0.3,0.3,9.0,0.0,320.0,25.0,319.0,8.0,2109.0,0.4,3.0,17.0,3.0,1.0,2.0,14.0,4.0,2.0,9.0,7.0,14.0,7.0,21.0,0.0,12.0,10.0,2.0,15.0,12.0,0.0,15.0,2.0,0.0,1.0,0.0,53.0,13.0,11.0
1,Granada,12,2023-11-05,16:15:00,Away,Valencia,0,1,1.2,1.2100000000000002,0.09727272727272727,0.0,10.0,1.0,3.0,0.0,559.0,22.0,12.0,12.0,0.5,0.2,21.0,2.0,330.0,33.0,357.0,7.0,2162.0,0.2,6.0,24.0,6.0,1.0,2.0,6.0,0.0,1.0,15.0,10.0,19.0,9.0,20.0,0.0,13.0,7.0,0.0,13.0,8.0,0.0,20.0,1.0,1.0,0.0,0.0,64.0,10.0,13.0
0,Villarreal,12,2023-11-05,18:30:00,Home,Athletic Club,2,3,2.3,2.12,0.133125,3.0,17.0,7.0,4.0,0.0,542.0,21.0,8.0,15.0,2.2,2.2,31.0,5.0,315.0,33.0,219.0,18.0,2249.0,2.0,14.0,22.0,8.0,1.0,5.0,12.0,3.0,5.0,15.0,10.0,24.0,14.0,19.0,0.0,30.0,13.0,9.0,10.0,9.0,0.0,18.0,5.0,0.0,0.0,0.0,58.0,9.0,13.0
1,Athletic Club,12,2023-11-05,18:30:00,Away,Villarreal,3,2,2.1,2.1100000000000003,0.11176470588235295,2.0,17.0,6.0,4.0,0.0,706.0,22.0,7.0,10.0,2.1,2.0,32.0,4.0,481.0,56.0,386.0,13.0,3520.0,1.4,15.0,32.0,10.0,2.0,3.0,21.0,9.0,5.0,11.0,13.0,18.0,5.0,19.0,2.0,21.0,10.0,3.0,24.0,11.0,0.0,11.0,5.0,0.0,0.0,0.0,59.0,13.0,9.0
0,Real Madrid,12,2023-11-05,21:00:00,Home,Rayo Vallecano,0,0,0.1,0.09,0.0,0.0,4.0,0.0,5.0,0.0,479.0,24.0,7.0,16.0,0.1,0.1,5.0,0.0,259.0,16.0,263.0,9.0,1902.0,0.0,4.0,14.0,1.0,0.0,0.0,9.0,1.0,2.0,12.0,10.0,32.0,22.0,36.0,1.0,7.0,6.0,4.0,18.0,13.0,0.0,15.0,2.0,0.0,0.0,0.0,54.0,7.0,13.0
1,Rayo Vallecano,12,2023-11-05,21:00:00,Away,Real Madrid,0,0,2.2,2.2,0.03727272727272728,0.0,22.0,5.0,3.0,0.0,701.0,19.0,9.0,13.0,2.2,1.5,40.0,0.0,501.0,62.0,436.0,38.0,2738.0,2.2,20.0,54.0,12.0,4.0,5.0,31.0,11.0,2.0,12.0,6.0,13.0,7.0,7.0,0.0,44.0,10.0,13.0,11.0,14.0,0.0,12.0,2.0,0.0,0.0,0.0,65.0,13.0,7.0
0,Getafe,12,2023-11-06,21:00:00,Home,Cádiz,1,0,0.5,0.54,0.13333333333333333,0.0,6.0,2.0,1.0,0.0,544.0,15.0,9.0,10.0,0.5,0.5,10.0,0.0,314.0,33.0,281.0,11.0,2648.0,0.5,5.0,33.0,5.0,2.0,0.0,20.0,3.0,5.0,8.0,10.0,20.0,10.0,21.0,1.0,11.0,5.0,1.0,24.0,6.0,0.0,12.0,5.0,0.0,0.0,0.0,56.0,17.0,23.0
1,Cádiz,12,2023-11-06,21:00:00,Away,Getafe,0,1,1.2,1.17,0.06916666666666667,1.0,13.0,3.0,6.0,1.0,484.0,11.0,9.0,8.0,1.1,0.7,19.0,2.0,246.0,30.0,229.0,14.0,2357.0,0.6,6.0,26.0,4.0,3.0,0.0,18.0,6.0,1.0,8.0,5.0,7.0,2.0,20.0,0.0,17.0,10.0,4.0,19.0,5.0,1.0,18.0,1.0,0.0,0.0,0.0,54.0,23.0,17.0
0,Athletic Club,13,2023-11-10,21:00:00,Home,Celta Vigo,4,3,2.1,3.95,0.175,1.0,20.0,11.0,2.0,0.0,662.0,11.0,5.0,9.0,3.9000000000000004,2.1,37.0,6.0,434.0,60.0,424.0,22.0,2706.0,2.3,13.0,32.0,14.0,8.0,1.0,31.0,7.0,2.0,7.0,6.0,18.0,12.0,14.0,1.0,38.0,8.0,8.0,13.0,8.0,0.0,15.0,2.0,0.0,1.0,0.0,55.0,13.0,19.0
1,Celta Vigo,13,2023-11-10,21:00:00,Away,Athletic Club,3,4,4.6,2.24,0.22307692307692306,2.0,12.0,4.0,2.0,0.0,527.0,16.0,8.0,11.0,1.4000000000000001,1.2,19.0,5.0,288.0,22.0,180.0,16.0,2097.0,0.4,8.0,19.0,2.0,1.0,1.0,8.0,2.0,3.0,10.0,8.0,27.0,19.0,33.0,1.0,16.0,6.0,6.0,11.0,5.0,0.0,13.0,3.0,0.0,1.0,0.0,47.0,19.0,13.0
0,Rayo Vallecano,13,2023-11-11,14:00:00,Home,Girona,1,2,4.5,5.05,0.15526315789473685,1.0,19.0,6.0,2.0,0.0,694.0,21.0,6.0,9.0,5.1,4.199999999999999,32.0,3.0,481.0,61.0,399.0,29.0,3214.0,3.8000000000000003,15.0,30.0,16.0,6.0,1.0,20.0,3.0,1.0,15.0,13.0,20.0,7.0,29.0,3.0,41.0,5.0,7.0,13.0,20.0,0.0,13.0,1.0,0.0,0.0,0.0,45.0,14.0,12.0
1,Girona,13,2023-11-11,14:00:00,Away,Rayo Vallecano,2,1,1.7,1.69,0.10523809523809524,1.0,22.0,9.0,1.0,0.0,621.0,25.0,7.0,11.0,1.7,1.7,37.0,0.0,389.0,51.0,298.0,20.0,3049.0,1.3,15.0,35.0,11.0,3.0,1.0,29.0,8.0,1.0,12.0,5.0,13.0,8.0,15.0,0.0,28.0,13.0,5.0,17.0,8.0,0.0,15.0,1.0,0.0,0.0,0.0,52.0,12.0,14.0
0,Almería,13,2023-11-11,16:15:00,Home,Real Sociedad,1,3,2.4,0.44,0.09500000000000001,0.0,7.0,2.0,3.0,0.0,447.0,21.0,3.0,12.0,0.4,0.2,11.0,1.0,225.0,13.0,215.0,5.0,1539.0,0.0,3.0,13.0,2.0,1.0,0.0,16.0,5.0,5.0,10.0,8.0,18.0,10.0,21.0,0.0,8.0,7.0,2.0,12.0,6.0,0.0,18.0,5.0,0.0,1.0,0.0,37.0,18.0,23.0
1,Real Sociedad,13,2023-11-11,16:15:00,Away,Almería,3,1,0.4,2.43,0.1488888888888889,1.0,17.0,5.0,2.0,0.0,505.0,13.0,8.0,7.0,1.6,0.7,30.0,3.0,291.0,24.0,246.0,19.0,1985.0,0.6,11.0,18.0,3.0,1.0,1.0,18.0,5.0,4.0,6.0,7.0,8.0,1.0,16.0,1.0,24.0,8.0,6.0,15.0,13.0,0.0,19.0,4.0,0.0,0.0,0.0,51.0,23.0,18.0
0,Osasuna,13,2023-11-11,18:30:00,Home,Las Palmas,1,1,0.4,0.45,0.085,1.0,6.0,1.0,1.0,0.0,689.0,20.0,6.0,11.0,0.5,0.4,11.0,2.0,438.0,32.0,435.0,4.0,2745.0,0.4,5.0,13.0,4.0,2.0,1.0,10.0,3.0,3.0,9.0,15.0,22.0,7.0,30.0,0.0,7.0,4.0,1.0,28.0,9.0,0.0,10.0,3.0,0.0,0.0,0.0,59.0,20.0,31.0
1,Las Palmas,13,2023-11-11,18:30:00,Away,Osasuna,1,1,1.0,0.93,0.148,1.0,11.0,3.0,1.0,0.0,578.0,13.0,6.0,13.0,0.9,0.9,21.0,2.0,338.0,43.0,278.0,14.0,2910.0,0.9,11.0,39.0,6.0,4.0,1.0,29.0,8.0,1.0,9.0,4.0,7.0,3.0,8.0,0.0,25.0,15.0,5.0,20.0,5.0,0.0,25.0,1.0,0.0,0.0,0.0,62.0,31.0,20.0
0,Granada,13,2023-11-11,18:30:00,Home,Getafe,1,1,2.3,2.29,0.23199999999999998,1.0,10.0,6.0,2.0,0.0,518.0,28.0,9.0,9.0,2.2,1.5,18.0,2.0,240.0,24.0,203.0,16.0,2346.0,1.0,7.0,24.0,3.0,3.0,0.0,18.0,5.0,3.0,14.0,16.0,29.0,13.0,19.0,0.0,16.0,9.0,4.0,29.0,6.0,0.0,9.0,3.0,0.0,0.0,0.0,54.0,14.0,19.0
1,Getafe,13,2023-11-11,18:30:00,Away,Granada,1,1,1.7,1.6600000000000001,0.10636363636363635,1.0,12.0,6.0,4.0,0.0,634.0,15.0,5.0,11.0,1.7000000000000002,1.5,19.0,2.0,379.0,35.0,334.0,20.0,2797.0,0.4,7.0,32.0,9.0,4.0,1.0,14.0,3.0,5.0,10.0,9.0,15.0,6.0,17.0,1.0,15.0,16.0,3.0,18.0,12.0,0.0,14.0,5.0,0.0,0.0,0.0,62.0,19.0,14.0
0,Real Madrid,13,2023-11-11,21:00:00,Home,Valencia,5,1,1.7,1.75,0.155,4.0,16.0,7.0,1.0,0.0,706.0,16.0,12.0,9.0,1.8,1.1,28.0,8.0,522.0,39.0,453.0,30.0,2849.0,0.4,11.0,36.0,7.0,1.0,3.0,7.0,4.0,4.0,10.0,10.0,12.0,2.0,15.0,0.0,25.0,14.0,7.0,18.0,9.0,0.0,7.0,4.0,0.0,0.0,0.0,52.0,1.0,2.0
1,Valencia,13,2023-11-11,21:00:00,Away,Real Madrid,1,5,1.7,1.6400000000000001,0.13333333333333336,1.0,10.0,4.0,3.0,0.0,543.0,22.0,9.0,6.0,1.7999999999999998,1.7,18.0,2.0,378.0,37.0,312.0,22.0,2216.0,1.4,9.0,32.0,7.0,5.0,2.0,21.0,4.0,0.0,14.0,13.0,30.0,17.0,9.0,1.0,15.0,10.0,4.0,13.0,6.0,0.0,26.0,0.0,0.0,0.0,0.0,41.0,2.0,1.0
0,Barcelona,13,2023-11-12,16:15:00,Home,Alavés,2,1,1.7,1.67,0.12142857142857143,1.0,8.0,1.0,1.0,0.0,417.0,11.0,6.0,11.0,1.7,1.1,16.0,2.0,209.0,23.0,209.0,8.0,2175.0,0.5,6.0,24.0,8.0,2.0,0.0,9.0,1.0,2.0,5.0,8.0,23.0,15.0,27.0,0.0,17.0,6.0,2.0,7.0,10.0,0.0,10.0,2.0,0.0,1.0,0.0,52.0,17.0,14.0
1,Alavés,13,2023-11-12,16:15:00,Away,Barcelona,1,2,1.6,1.55,0.1990909090909091,1.0,10.0,5.0,2.0,0.0,894.0,16.0,6.0,10.0,0.6000000000000001,0.7,21.0,4.0,691.0,70.0,589.0,47.0,2985.0,1.3,9.0,58.0,9.0,3.0,7.0,24.0,2.0,3.0,6.0,6.0,19.0,13.0,10.0,2.0,33.0,8.0,13.0,28.0,3.0,0.0,11.0,3.0,1.0,0.0,0.0,66.0,14.0,17.0
0,Sevilla,13,2023-11-12,18:30:00,Home,Real Betis,1,1,1.8,1.93,0.115,0.0,14.0,6.0,1.0,0.0,487.0,13.0,9.0,12.0,1.7999999999999998,1.3,23.0,0.0,252.0,31.0,223.0,18.0,1979.0,0.9000000000000001,10.0,16.0,6.0,1.0,1.0,18.0,5.0,1.0,10.0,7.0,13.0,6.0,36.0,0.0,28.0,16.0,5.0,17.0,12.0,0.0,14.0,1.0,0.0,0.0,0.0,48.0,17.0,18.0
1,Real Betis,13,2023-11-12,18:30:00,Away,Sevilla,1,1,0.7,0.65,0.11166666666666665,1.0,13.0,4.0,1.0,0.0,650.0,28.0,10.0,8.0,0.7000000000000001,0.6000000000000001,25.0,2.0,415.0,49.0,321.0,19.0,2829.0,0.30000000000000004,9.0,38.0,8.0,3.0,1.0,37.0,9.0,4.0,19.0,16.0,27.0,11.0,19.0,0.0,16.0,7.0,5.0,18.0,6.0,0.0,18.0,4.0,0.0,0.0,0.0,43.0,18.0,17.0
0,Atlético Madrid,13,2023-11-12,21:00:00,Home,Villarreal,3,1,0.8,3.91,0.1104,3.0,25.0,10.0,0.0,0.0,706.0,7.0,5.0,11.0,3.8,3.6,41.0,6.0,517.0,78.0,508.0,33.0,2429.0,2.6999999999999997,18.0,50.0,17.0,6.0,0.0,37.0,6.0,7.0,4.0,4.0,17.0,13.0,5.0,0.0,45.0,6.0,8.0,11.0,5.0,0.0,8.0,7.0,0.0,0.0,0.0,50.0,8.0,10.0
1,Villarreal,13,2023-11-12,21:00:00,Away,Atlético Madrid,1,3,3.9,0.8200000000000001,0.11200000000000002,0.0,11.0,7.0,2.0,0.0,719.0,11.0,5.0,12.0,0.8999999999999999,0.8,21.0,1.0,537.0,23.0,414.0,16.0,3055.0,0.4,10.0,29.0,3.0,1.0,1.0,3.0,3.0,1.0,7.0,6.0,12.0,6.0,31.0,0.0,14.0,4.0,6.0,16.0,3.0,0.0,8.0,1.0,0.0,0.0,0.0,29.0,10.0,8.0
0,Alavés,14,2023-11-24,21:00:00,Home,Granada,3,1,1.1,0.84,0.16875,2.0,8.0,5.0,1.0,0.0,510.0,21.0,8.0,12.0,0.8,0.6,16.0,4.0,284.0,28.0,192.0,18.0,2069.0,0.3,6.0,28.0,3.0,1.0,3.0,17.0,6.0,2.0,13.0,12.0,26.0,14.0,26.0,0.0,13.0,9.0,3.0,15.0,13.0,0.0,10.0,2.0,0.0,1.0,0.0,57.0,8.0,16.0
1,Granada,14,2023-11-24,21:00:00,Away,Alavés,1,3,0.8,1.12,0.15,0.0,10.0,3.0,3.0,0.0,646.0,22.0,10.0,10.0,0.30000000000000004,0.30000000000000004,21.0,2.0,420.0,38.0,386.0,20.0,3040.0,0.4,7.0,35.0,7.0,1.0,4.0,17.0,2.0,1.0,16.0,9.0,20.0,11.0,18.0,1.0,15.0,12.0,2.0,26.0,9.0,0.0,13.0,1.0,1.0,0.0,1.0,49.0,16.0,8.0
0,Rayo Vallecano,14,2023-11-25,14:00:00,Home,Barcelona,1,1,1.0,1.03,0.048666666666666664,0.0,15.0,4.0,4.0,0.0,745.0,15.0,6.0,13.0,0.9,0.8,28.0,0.0,564.0,52.0,423.0,30.0,3329.0,1.4000000000000001,13.0,51.0,14.0,2.0,7.0,12.0,4.0,2.0,8.0,8.0,12.0,4.0,12.0,1.0,32.0,11.0,7.0,21.0,11.0,0.0,13.0,2.0,0.0,0.0,0.0,49.0,7.0,12.0
1,Barcelona,14,2023-11-25,14:00:00,Away,Rayo Vallecano,1,1,0.7,0.7,0.14,0.0,10.0,4.0,3.0,0.0,428.0,22.0,6.0,17.0,0.6000000000000001,0.2,16.0,1.0,231.0,13.0,145.0,9.0,2064.0,0.30000000000000004,4.0,20.0,2.0,1.0,4.0,7.0,1.0,2.0,12.0,11.0,26.0,15.0,15.0,0.0,10.0,8.0,4.0,13.0,7.0,0.0,23.0,2.0,0.0,0.0,1.0,42.0,12.0,7.0
0,Valencia,14,2023-11-25,16:15:00,Home,Celta Vigo,0,0,0.8,0.76,0.007692307692307693,0.0,13.0,1.0,2.0,0.0,573.0,28.0,11.0,15.0,0.8,0.6000000000000001,23.0,0.0,312.0,26.0,348.0,21.0,2287.0,0.6,10.0,22.0,2.0,0.0,0.0,17.0,7.0,1.0,22.0,16.0,22.0,6.0,22.0,0.0,20.0,7.0,10.0,12.0,12.0,0.0,7.0,1.0,0.0,0.0,0.0,69.0,17.0,19.0
1,Celta Vigo,14,2023-11-25,16:15:00,Away,Valencia,0,0,0.5,0.5,0.0,0.0,8.0,0.0,3.0,0.0,619.0,17.0,21.0,21.0,0.5,0.2,15.0,0.0,380.0,37.0,404.0,17.0,2731.0,0.4,5.0,27.0,8.0,3.0,1.0,21.0,5.0,0.0,12.0,5.0,14.0,9.0,18.0,0.0,19.0,16.0,2.0,19.0,12.0,0.0,13.0,0.0,0.0,0.0,0.0,59.0,19.0,16.0
0,Getafe,14,2023-11-25,18:30:00,Home,Almería,2,1,1.8,1.87,0.1053846153846154,1.0,13.0,4.0,4.0,0.0,540.0,21.0,8.0,16.0,1.8,1.2000000000000002,22.0,2.0,273.0,35.0,260.0,10.0,2488.0,0.9,10.0,25.0,7.0,2.0,6.0,16.0,6.0,4.0,14.0,10.0,17.0,7.0,14.0,0.0,22.0,7.0,2.0,20.0,8.0,0.0,8.0,4.0,0.0,0.0,0.0,59.0,20.0,27.0
1,Almería,14,2023-11-25,18:30:00,Away,Getafe,1,2,1.2,1.08,0.07352941176470588,1.0,18.0,5.0,2.0,0.0,595.0,15.0,7.0,8.0,1.1,0.9,32.0,4.0,342.0,42.0,181.0,9.0,2830.0,1.0,15.0,38.0,11.0,5.0,1.0,18.0,3.0,1.0,12.0,7.0,18.0,11.0,20.0,0.0,24.0,10.0,4.0,21.0,11.0,0.0,12.0,1.0,0.0,0.0,0.0,61.0,27.0,20.0
0,Atlético Madrid,14,2023-11-25,21:00:00,Home,Mallorca,1,0,1.1,1.61,0.03894736842105263,1.0,20.0,3.0,0.0,0.0,808.0,16.0,10.0,5.0,1.8,1.5,37.0,2.0,598.0,49.0,461.0,37.0,2991.0,1.3,16.0,40.0,11.0,1.0,2.0,21.0,7.0,2.0,9.0,4.0,10.0,6.0,11.0,0.0,35.0,7.0,8.0,16.0,8.0,0.0,8.0,2.0,0.0,0.0,0.0,51.0,15.0,11.0
1,Mallorca,14,2023-11-25,21:00:00,Away,Atlético Madrid,0,1,1.7,1.0699999999999998,0.03875,0.0,8.0,1.0,0.0,0.0,469.0,15.0,18.0,19.0,1.0,0.9,14.0,0.0,252.0,21.0,242.0,11.0,2043.0,0.5,6.0,26.0,3.0,2.0,3.0,16.0,3.0,1.0,8.0,7.0,23.0,16.0,29.0,0.0,10.0,4.0,4.0,19.0,12.0,0.0,19.0,1.0,0.0,0.0,0.0,44.0,11.0,15.0
0,Villarreal,14,2023-11-26,14:00:00,Home,Osasuna,3,1,1.0,1.0,0.09142857142857143,1.0,15.0,7.0,0.0,0.0,688.0,11.0,6.0,9.0,0.9,0.5,22.0,2.0,492.0,50.0,311.0,14.0,2865.0,1.1,8.0,54.0,8.0,4.0,2.0,36.0,4.0,3.0,10.0,5.0,12.0,7.0,9.0,1.0,27.0,7.0,3.0,12.0,4.0,0.0,14.0,3.0,0.0,0.0,0.0,61.0,12.0,11.0
1,Osasuna,14,2023-11-26,14:00:00,Away,Villarreal,1,3,2.4,2.5300000000000002,0.25,3.0,10.0,3.0,0.0,0.0,607.0,11.0,10.0,11.0,2.5,2.4,17.0,5.0,401.0,30.0,339.0,13.0,2718.0,1.0,9.0,21.0,7.0,5.0,2.0,11.0,2.0,3.0,9.0,7.0,14.0,7.0,30.0,0.0,15.0,5.0,5.0,13.0,6.0,0.0,9.0,3.0,0.0,0.0,0.0,50.0,11.0,12.0
0,Real Sociedad,14,2023-11-26,16:15:00,Home,Sevilla,2,1,0.6,0.66,0.199,1.0,11.0,8.0,2.0,0.0,549.0,15.0,2.0,12.0,0.6,0.5,14.0,2.0,331.0,44.0,258.0,25.0,2487.0,0.9,8.0,21.0,5.0,0.0,3.0,11.0,4.0,0.0,11.0,8.0,16.0,8.0,24.0,0.0,19.0,10.0,9.0,16.0,16.0,0.0,22.0,0.0,0.0,0.0,0.0,50.0,24.0,21.0
1,Sevilla,14,2023-11-26,16:15:00,Away,Real Sociedad,1,2,0.7,0.6,0.06625,1.0,8.0,2.0,1.0,2.0,579.0,26.0,11.0,4.0,0.6000000000000001,0.6000000000000001,16.0,2.0,343.0,26.0,283.0,6.0,2459.0,0.7,8.0,24.0,7.0,4.0,1.0,21.0,4.0,2.0,15.0,10.0,16.0,6.0,20.0,0.0,13.0,8.0,1.0,20.0,7.0,0.0,8.0,2.0,0.0,0.0,1.0,54.0,21.0,24.0
0,Cádiz,14,2023-11-26,18:30:00,Home,Real Madrid,0,3,1.6,1.08,0.08083333333333334,0.0,13.0,4.0,3.0,0.0,539.0,20.0,6.0,13.0,1.3,1.0,25.0,0.0,370.0,34.0,380.0,18.0,2435.0,0.8,10.0,22.0,8.0,5.0,0.0,24.0,4.0,1.0,13.0,13.0,28.0,15.0,11.0,0.0,15.0,6.0,1.0,11.0,9.0,0.0,16.0,1.0,0.0,0.0,0.0,46.0,5.0,8.0
1,Real Madrid,14,2023-11-26,18:30:00,Away,Cádiz,3,0,1.2,1.6,0.13285714285714284,2.0,14.0,5.0,3.0,0.0,790.0,15.0,7.0,8.0,1.6,1.0,25.0,6.0,622.0,45.0,604.0,29.0,2891.0,0.6000000000000001,10.0,52.0,9.0,1.0,2.0,12.0,4.0,1.0,12.0,6.0,9.0,3.0,15.0,0.0,22.0,13.0,8.0,10.0,7.0,0.0,16.0,1.0,0.0,0.0,0.0,46.0,8.0,5.0
0,Real Betis,14,2023-11-26,21:00:00,Home,Las Palmas,1,0,0.6,1.58,0.21333333333333335,0.0,12.0,6.0,1.0,0.0,566.0,19.0,10.0,15.0,1.6,1.1,18.0,1.0,352.0,31.0,285.0,17.0,2482.0,0.1,9.0,22.0,4.0,1.0,1.0,13.0,7.0,5.0,12.0,8.0,22.0,14.0,29.0,0.0,24.0,8.0,7.0,16.0,16.0,0.0,7.0,5.0,0.0,0.0,0.0,58.0,8.0,8.0
1,Las Palmas,14,2023-11-26,21:00:00,Away,Real Betis,0,1,1.4,0.55,0.09785714285714286,0.0,15.0,4.0,2.0,0.0,795.0,24.0,5.0,10.0,0.5,0.2,25.0,0.0,579.0,50.0,489.0,19.0,3179.0,0.9,9.0,44.0,9.0,3.0,2.0,25.0,6.0,4.0,16.0,8.0,20.0,12.0,13.0,0.0,18.0,8.0,5.0,19.0,11.0,0.0,12.0,4.0,0.0,0.0,0.0,64.0,8.0,8.0
0,Girona,14,2023-11-27,21:00:00,Home,Athletic Club,1,1,1.5,1.46,0.09461538461538462,1.0,13.0,6.0,1.0,0.0,530.0,19.0,8.0,9.0,1.4,1.3,24.0,2.0,349.0,36.0,317.0,26.0,2417.0,0.8,13.0,23.0,6.0,3.0,1.0,32.0,6.0,2.0,10.0,12.0,24.0,12.0,8.0,0.0,28.0,13.0,8.0,9.0,4.0,0.0,16.0,2.0,0.0,0.0,0.0,51.0,10.0,10.0
1,Athletic Club,14,2023-11-27,21:00:00,Away,Girona,1,1,1.3,1.29,0.07416666666666667,0.0,13.0,2.0,1.0,0.0,767.0,17.0,16.0,8.0,1.2000000000000002,0.7000000000000001,23.0,0.0,575.0,47.0,517.0,16.0,3422.0,1.1,8.0,36.0,11.0,4.0,1.0,15.0,2.0,2.0,9.0,13.0,22.0,9.0,17.0,0.0,26.0,12.0,5.0,18.0,7.0,0.0,8.0,2.0,0.0,0.0,0.0,68.0,10.0,10.0
0,Mallorca,13,2023-11-29,21:00:00,Home,Cádiz,1,1,0.3,0.3,0.06666666666666667,0.0,6.0,3.0,3.0,0.0,380.0,19.0,10.0,10.0,0.2,0.1,9.0,1.0,139.0,8.0,141.0,9.0,1528.0,0.1,3.0,8.0,1.0,1.0,0.0,8.0,0.0,0.0,7.0,8.0,18.0,10.0,43.0,0.0,7.0,0.0,2.0,19.0,7.0,0.0,18.0,0.0,0.0,0.0,0.0,45.0,22.0,29.0
1,Cádiz,13,2023-11-29,21:00:00,Away,Mallorca,1,1,1.1,1.07,0.022000000000000002,1.0,16.0,3.0,2.0,0.0,603.0,7.0,6.0,5.0,1.0,0.8,28.0,2.0,374.0,39.0,332.0,19.0,2737.0,1.0,10.0,42.0,8.0,4.0,3.0,35.0,7.0,4.0,4.0,0.0,2.0,2.0,11.0,0.0,23.0,8.0,1.0,18.0,11.0,0.0,14.0,4.0,0.0,0.0,0.0,51.0,29.0,22.0
